metric,system_a,system_b,n,mean_a,mean_b,diff,p,p_holm,significant
ndcg5,dense_bge_m3,bm25,100,0.673234447004996,0.5759224347326746,0.09731201227232145,0.00039996000399960006,0.001999800019998,True
ndcg5,dense_e5_base,bm25,100,0.621412314405203,0.5759224347326746,0.04548987967252838,0.08489151084891511,0.16978302169783022,False
ndcg5,dense_oai_large,bm25,100,0.8213860977279737,0.5759224347326746,0.2454636629952991,9.999000099990002e-05,0.0018998100189981002,True
ndcg5,dense_oai_small,bm25,100,0.7471873593912166,0.5759224347326746,0.17126492465854204,9.999000099990002e-05,0.0018998100189981002,True
ndcg5,dense_prior,bm25,100,0.8294863270306982,0.5759224347326746,0.2535638922980237,9.999000099990002e-05,0.0018998100189981002,True
ndcg5,hybrid,bm25,100,0.9373482921131501,0.5759224347326746,0.3614258573804755,9.999000099990002e-05,0.0018998100189981002,True
ndcg5,main,bm25,100,0.9266617036041446,0.5759224347326746,0.35073926887147,9.999000099990002e-05,0.0018998100189981002,True
ndcg5,qu_fusion,bm25,100,0.8832027102365098,0.5759224347326746,0.3072802755038352,9.999000099990002e-05,0.0018998100189981002,True
ndcg5,qu_fusion_ce,bm25,100,0.7915380190265833,0.5759224347326746,0.2156155842939087,9.999000099990002e-05,0.0018998100189981002,True
ndcg5,dense_pointwise,bm25,100,0.9149090231593253,0.5759224347326746,0.33898658842665075,9.999000099990002e-05,0.0018998100189981002,True
ndcg5,dense_bge_m3,dense_pointwise,100,0.673234447004996,0.9149090231593253,-0.2416745761543293,9.999000099990002e-05,0.0018998100189981002,True
ndcg5,dense_e5_base,dense_pointwise,100,0.621412314405203,0.9149090231593253,-0.29349670875412237,9.999000099990002e-05,0.0018998100189981002,True
ndcg5,dense_oai_large,dense_pointwise,100,0.8213860977279737,0.9149090231593253,-0.09352292543135166,9.999000099990002e-05,0.0018998100189981002,True
ndcg5,dense_oai_small,dense_pointwise,100,0.7471873593912166,0.9149090231593253,-0.1677216637681087,9.999000099990002e-05,0.0018998100189981002,True
ndcg5,dense_prior,dense_pointwise,100,0.8294863270306982,0.9149090231593253,-0.08542269612862707,9.999000099990002e-05,0.0018998100189981002,True
ndcg5,hybrid,dense_pointwise,100,0.9373482921131501,0.9149090231593253,0.022439268953824754,0.0066993300669933005,0.020097990200979902,True
ndcg5,main,dense_pointwise,100,0.9266617036041446,0.9149090231593253,0.011752680444819252,0.1464853514648535,0.16978302169783022,False
ndcg5,qu_fusion,dense_pointwise,100,0.8832027102365098,0.9149090231593253,-0.03170631292281556,0.0010998900109989002,0.004399560043995601,True
ndcg5,qu_fusion_ce,dense_pointwise,100,0.7915380190265833,0.9149090231593253,-0.12337100413274205,9.999000099990002e-05,0.0018998100189981002,True
ndcg10,dense_bge_m3,bm25,100,0.671957823108495,0.5769404013861036,0.09501742172239136,0.00029997000299970003,0.0018998100189981002,True
ndcg10,dense_e5_base,bm25,100,0.619944889122335,0.5769404013861036,0.043004487736231445,0.0570942905709429,0.1141885811418858,False
ndcg10,dense_oai_large,bm25,100,0.8233635977367172,0.5769404013861036,0.2464231963506136,9.999000099990002e-05,0.0018998100189981002,True
ndcg10,dense_oai_small,bm25,100,0.7535949600531165,0.5769404013861036,0.17665455866701296,9.999000099990002e-05,0.0018998100189981002,True
ndcg10,dense_prior,bm25,100,0.833311222197612,0.5769404013861036,0.2563708208115084,9.999000099990002e-05,0.0018998100189981002,True
ndcg10,hybrid,bm25,100,0.9351339648097327,0.5769404013861036,0.35819356342362907,9.999000099990002e-05,0.0018998100189981002,True
ndcg10,main,bm25,100,0.9273931329103894,0.5769404013861036,0.3504527315242858,9.999000099990002e-05,0.0018998100189981002,True
ndcg10,qu_fusion,bm25,100,0.8836628051760814,0.5769404013861036,0.30672240378997784,9.999000099990002e-05,0.0018998100189981002,True
ndcg10,qu_fusion_ce,bm25,100,0.8072728639874667,0.5769404013861036,0.23033246260136309,9.999000099990002e-05,0.0018998100189981002,True
ndcg10,dense_pointwise,bm25,100,0.9204336533422054,0.5769404013861036,0.3434932519561018,9.999000099990002e-05,0.0018998100189981002,True
ndcg10,dense_bge_m3,dense_pointwise,100,0.671957823108495,0.9204336533422054,-0.24847583023371045,9.999000099990002e-05,0.0018998100189981002,True
ndcg10,dense_e5_base,dense_pointwise,100,0.619944889122335,0.9204336533422054,-0.30048876421987036,9.999000099990002e-05,0.0018998100189981002,True
ndcg10,dense_oai_large,dense_pointwise,100,0.8233635977367172,0.9204336533422054,-0.0970700556054882,9.999000099990002e-05,0.0018998100189981002,True
ndcg10,dense_oai_small,dense_pointwise,100,0.7535949600531165,0.9204336533422054,-0.16683869328908885,9.999000099990002e-05,0.0018998100189981002,True
ndcg10,dense_prior,dense_pointwise,100,0.833311222197612,0.9204336533422054,-0.08712243114459339,9.999000099990002e-05,0.0018998100189981002,True
ndcg10,hybrid,dense_pointwise,100,0.9351339648097327,0.9204336533422054,0.01470031146752726,0.0235976402359764,0.0707929207079292,False
ndcg10,main,dense_pointwise,100,0.9273931329103894,0.9204336533422054,0.0069594795681839905,0.3066693330666933,0.3066693330666933,False
ndcg10,qu_fusion,dense_pointwise,100,0.8836628051760814,0.9204336533422054,-0.03677084816612397,9.999000099990002e-05,0.0018998100189981002,True
ndcg10,qu_fusion_ce,dense_pointwise,100,0.8072728639874667,0.9204336533422054,-0.11316078935473872,9.999000099990002e-05,0.0018998100189981002,True
p5,dense_bge_m3,bm25,100,0.6080000000000001,0.528,0.08000000000000007,0.021897810218978103,0.09449055094490551,False
p5,dense_e5_base,bm25,100,0.536,0.528,0.008000000000000007,0.8629137086291371,0.8629137086291371,False
p5,dense_oai_large,bm25,100,0.7979999999999999,0.528,0.2699999999999999,9.999000099990002e-05,0.0018998100189981002,True
p5,dense_oai_small,bm25,100,0.6940000000000001,0.528,0.16600000000000004,9.999000099990002e-05,0.0018998100189981002,True
p5,dense_prior,bm25,100,0.804,0.528,0.276,9.999000099990002e-05,0.0018998100189981002,True
p5,hybrid,bm25,100,0.9279999999999999,0.528,0.3999999999999999,9.999000099990002e-05,0.0018998100189981002,True
p5,main,bm25,100,0.9180000000000001,0.528,0.3900000000000001,9.999000099990002e-05,0.0018998100189981002,True
p5,qu_fusion,bm25,100,0.8640000000000001,0.528,0.3360000000000001,9.999000099990002e-05,0.0018998100189981002,True
p5,qu_fusion_ce,bm25,100,0.774,0.528,0.246,9.999000099990002e-05,0.0018998100189981002,True
p5,dense_pointwise,bm25,100,0.904,0.528,0.376,9.999000099990002e-05,0.0018998100189981002,True
p5,dense_bge_m3,dense_pointwise,100,0.6080000000000001,0.904,-0.29599999999999993,9.999000099990002e-05,0.0018998100189981002,True
p5,dense_e5_base,dense_pointwise,100,0.536,0.904,-0.368,9.999000099990002e-05,0.0018998100189981002,True
p5,dense_oai_large,dense_pointwise,100,0.7979999999999999,0.904,-0.1060000000000001,9.999000099990002e-05,0.0018998100189981002,True
p5,dense_oai_small,dense_pointwise,100,0.6940000000000001,0.904,-0.20999999999999996,9.999000099990002e-05,0.0018998100189981002,True
p5,dense_prior,dense_pointwise,100,0.804,0.904,-0.09999999999999998,9.999000099990002e-05,0.0018998100189981002,True
p5,hybrid,dense_pointwise,100,0.9279999999999999,0.904,0.02399999999999991,0.07389261073892611,0.22167783221677834,False
p5,main,dense_pointwise,100,0.9180000000000001,0.904,0.014000000000000123,0.32326767323267674,0.6465353464653535,False
p5,qu_fusion,dense_pointwise,100,0.8640000000000001,0.904,-0.039999999999999925,0.0188981101889811,0.09449055094490551,False
p5,qu_fusion_ce,dense_pointwise,100,0.774,0.904,-0.13,9.999000099990002e-05,0.0018998100189981002,True
mrr,dense_bge_m3,bm25,100,0.7866944444444445,0.715047619047619,0.07164682539682543,0.0806919308069193,0.4034596540345965,False
mrr,dense_e5_base,bm25,100,0.7253888888888889,0.715047619047619,0.010341269841269818,0.801019898010199,1.0,False
mrr,dense_oai_large,bm25,100,0.9425,0.715047619047619,0.22745238095238096,9.999000099990002e-05,0.0018998100189981002,True
mrr,dense_oai_small,bm25,100,0.8587619047619048,0.715047619047619,0.1437142857142858,0.00039996000399960006,0.0031996800319968005,True
mrr,dense_prior,bm25,100,0.9541666666666666,0.715047619047619,0.23911904761904756,9.999000099990002e-05,0.0018998100189981002,True
mrr,hybrid,bm25,100,0.99,0.715047619047619,0.27495238095238095,9.999000099990002e-05,0.0018998100189981002,True
mrr,main,bm25,100,0.992,0.715047619047619,0.27695238095238095,9.999000099990002e-05,0.0018998100189981002,True
mrr,qu_fusion,bm25,100,0.9816666666666666,0.715047619047619,0.26661904761904753,9.999000099990002e-05,0.0018998100189981002,True
mrr,qu_fusion_ce,bm25,100,0.8898015873015873,0.715047619047619,0.17475396825396827,9.999000099990002e-05,0.0018998100189981002,True
mrr,dense_pointwise,bm25,100,0.99,0.715047619047619,0.27495238095238095,9.999000099990002e-05,0.0018998100189981002,True
mrr,dense_bge_m3,dense_pointwise,100,0.7866944444444445,0.99,-0.20330555555555552,9.999000099990002e-05,0.0018998100189981002,True
mrr,dense_e5_base,dense_pointwise,100,0.7253888888888889,0.99,-0.26461111111111113,9.999000099990002e-05,0.0018998100189981002,True
mrr,dense_oai_large,dense_pointwise,100,0.9425,0.99,-0.04749999999999999,0.004299570042995701,0.030096990300969906,True
mrr,dense_oai_small,dense_pointwise,100,0.8587619047619048,0.99,-0.13123809523809515,9.999000099990002e-05,0.0018998100189981002,True
mrr,dense_prior,dense_pointwise,100,0.9541666666666666,0.99,-0.035833333333333384,0.013398660133986601,0.08039196080391961,False
mrr,hybrid,dense_pointwise,100,0.99,0.99,0.0,1.0,1.0,False
mrr,main,dense_pointwise,100,0.992,0.99,0.0020000000000000018,1.0,1.0,False
mrr,qu_fusion,dense_pointwise,100,0.9816666666666666,0.99,-0.008333333333333415,0.5675432456754325,1.0,False
mrr,qu_fusion_ce,dense_pointwise,100,0.8898015873015873,0.99,-0.10019841269841268,9.999000099990002e-05,0.0018998100189981002,True
food_leak5,dense_bge_m3,bm25,99,0.030303030303030304,0.07676767676767678,-0.04646464646464647,0.009099090090990901,0.08189181081891811,False
food_leak5,dense_e5_base,bm25,99,0.03838383838383839,0.07676767676767678,-0.03838383838383839,0.07649235076492351,0.48505149485051496,False
food_leak5,dense_oai_large,bm25,99,0.01616161616161616,0.07676767676767678,-0.060606060606060615,0.0004999500049995,0.0064993500649935,True
food_leak5,dense_oai_small,bm25,99,0.026262626262626265,0.07676767676767678,-0.05050505050505051,0.0044995500449955,0.044995500449955,True
food_leak5,dense_prior,bm25,99,0.0,0.07676767676767678,-0.07676767676767678,9.999000099990002e-05,0.0018998100189981002,True
food_leak5,hybrid,bm25,99,0.0,0.07676767676767678,-0.07676767676767678,9.999000099990002e-05,0.0018998100189981002,True
food_leak5,main,bm25,99,0.0,0.07676767676767678,-0.07676767676767678,9.999000099990002e-05,0.0018998100189981002,True
food_leak5,qu_fusion,bm25,99,0.0,0.07676767676767678,-0.07676767676767678,9.999000099990002e-05,0.0018998100189981002,True
food_leak5,qu_fusion_ce,bm25,99,0.0,0.07676767676767678,-0.07676767676767678,9.999000099990002e-05,0.0018998100189981002,True
food_leak5,dense_pointwise,bm25,99,0.0,0.07676767676767678,-0.07676767676767678,9.999000099990002e-05,0.0018998100189981002,True
food_leak5,dense_bge_m3,dense_pointwise,99,0.030303030303030304,0.0,0.030303030303030304,0.001999800019998,0.023997600239976002,True
food_leak5,dense_e5_base,dense_pointwise,99,0.03838383838383839,0.0,0.03838383838383839,0.0037996200379962005,0.04179582041795821,True
food_leak5,dense_oai_large,dense_pointwise,99,0.01616161616161616,0.0,0.01616161616161616,0.06929307069293071,0.48505149485051496,False
food_leak5,dense_oai_small,dense_pointwise,99,0.026262626262626265,0.0,0.026262626262626265,0.031596840315968405,0.25277472252774724,False
food_leak5,dense_prior,dense_pointwise,99,0.0,0.0,0.0,1.0,1.0,False
food_leak5,hybrid,dense_pointwise,99,0.0,0.0,0.0,1.0,1.0,False
food_leak5,main,dense_pointwise,99,0.0,0.0,0.0,1.0,1.0,False
food_leak5,qu_fusion,dense_pointwise,99,0.0,0.0,0.0,1.0,1.0,False
food_leak5,qu_fusion_ce,dense_pointwise,99,0.0,0.0,0.0,1.0,1.0,False
