system,llm_calls_per_query,usd_per_100_queries,p50_ms,p95_ms,index_usd,device
bm25,0.0,0.0,0.2,0.3,0.0,cuda
dense_bge_m3,0.0,0.0,105.75,109.985,0.0,cuda
dense_e5_base,0.0,0.0,33.9,44.84499999999999,0.0,cuda
dense_oai_large,0.0,0.00012233000000000022,203.5,338.0849999999998,0.032165900000000004,cuda
dense_oai_small,0.0,1.882000000000001e-05,176.60000000000002,221.67999999999995,0.004948599999999,cuda
dense_pointwise,50.0,0.3327439300000001,4343.950000000001,5841.204999999999,0.032165900000000004,cuda
dense_prior,0.0,0.00012233000000000022,203.9,338.5799999999998,0.032165900000000004,cuda
hybrid,2.0,0.14109713,2360.2,2869.2299999999996,0.032165900000000004,cuda
main,2.0,0.1429027366,2361.6000000000004,2756.485,0.032165900000000004,cuda
qu_fusion,1.0,0.0353123366,1482.1,1817.05,0.032165900000000004,cuda
qu_fusion_ce,1.0,0.0353123366,7550.550000000001,8368.105,0.032165900000000004,cuda
