system,metric,mean,lo,hi,n
bm25,ndcg5,0.5759224347326746,0.5284647485475834,0.6203123697849825,100
bm25,ndcg10,0.5769404013861036,0.5322492955606554,0.6170144594997435,100
bm25,p5,0.528,0.4639499999999999,0.5880000000000001,100
bm25,mrr,0.715047619047619,0.6480955357142858,0.7831232142857141,100
bm25,food_leak5,0.07676767676767678,0.04646464646464646,0.1090909090909091,99
bm25,judged10,1.0,1.0,1.0,100
dense_bge_m3,ndcg5,0.673234447004996,0.631970278751256,0.7153769467789644,100
dense_bge_m3,ndcg10,0.671957823108495,0.6359840993335862,0.7110961857954167,100
dense_bge_m3,p5,0.6080000000000001,0.5379499999999999,0.67005,100
dense_bge_m3,mrr,0.7866944444444445,0.7136222222222223,0.854338888888889,100
dense_bge_m3,food_leak5,0.030303030303030304,0.010101010101010102,0.05252525252525253,99
dense_bge_m3,judged10,1.0,1.0,1.0,100
dense_e5_base,ndcg5,0.621412314405203,0.5804203222888017,0.663871958243524,100
dense_e5_base,ndcg10,0.619944889122335,0.5829574818436427,0.6584262391215783,100
dense_e5_base,p5,0.536,0.47200000000000003,0.6000500000000001,100
dense_e5_base,mrr,0.7253888888888889,0.6527916666666667,0.7922159722222221,100
dense_e5_base,food_leak5,0.03838383838383839,0.014141414141414142,0.06464646464646465,99
dense_e5_base,judged10,1.0,1.0,1.0,100
dense_oai_large,ndcg5,0.8213860977279737,0.785435629221461,0.8533384291326234,100
dense_oai_large,ndcg10,0.8233635977367172,0.7901202542220598,0.8517379164002026,100
dense_oai_large,p5,0.7979999999999999,0.746,0.852,100
dense_oai_large,mrr,0.9425,0.9066666666666666,0.9725,100
dense_oai_large,food_leak5,0.01616161616161616,0.00404040404040404,0.03434343434343435,99
dense_oai_large,judged10,1.0,1.0,1.0,100
dense_oai_small,ndcg5,0.7471873593912166,0.7064126320550348,0.7848942617833317,100
dense_oai_small,ndcg10,0.7535949600531165,0.7188468803489835,0.7887592075722122,100
dense_oai_small,p5,0.6940000000000001,0.632,0.75205,100
dense_oai_small,mrr,0.8587619047619048,0.8008488095238095,0.9123488095238094,100
dense_oai_small,food_leak5,0.026262626262626265,0.0060606060606060615,0.05257575757575753,99
dense_oai_small,judged10,1.0,1.0,1.0,100
dense_prior,ndcg5,0.8294863270306982,0.7977513091962004,0.8586060654920968,100
dense_prior,ndcg10,0.833311222197612,0.8068184510905659,0.8582303170692708,100
dense_prior,p5,0.804,0.7539499999999999,0.8579999999999999,100
dense_prior,mrr,0.9541666666666666,0.9208333333333333,0.9816666666666666,100
dense_prior,food_leak5,0.0,0.0,0.0,99
dense_prior,judged10,1.0,1.0,1.0,100
hybrid,ndcg5,0.9373482921131501,0.919792859894476,0.9533533203173532,100
hybrid,ndcg10,0.9351339648097327,0.922410656482222,0.947180438773529,100
hybrid,p5,0.9279999999999999,0.8939499999999999,0.96,100
hybrid,mrr,0.99,0.975,1.0,100
hybrid,food_leak5,0.0,0.0,0.0,99
hybrid,judged10,1.0,1.0,1.0,100
main,ndcg5,0.9266617036041446,0.9099449920073684,0.942577354580418,100
main,ndcg10,0.9273931329103894,0.9141333100742174,0.9402914585677441,100
main,p5,0.9180000000000001,0.87995,0.9520000000000001,100
main,mrr,0.992,0.976,1.0,100
main,food_leak5,0.0,0.0,0.0,99
main,judged10,1.0,1.0,1.0,100
qu_fusion,ndcg5,0.8832027102365098,0.8621705906008791,0.9045559822361137,100
qu_fusion,ndcg10,0.8836628051760814,0.8658742238931499,0.9006304501957811,100
qu_fusion,p5,0.8640000000000001,0.8160000000000001,0.91,100
qu_fusion,mrr,0.9816666666666666,0.9583333333333333,1.0,100
qu_fusion,food_leak5,0.0,0.0,0.0,99
qu_fusion,judged10,1.0,1.0,1.0,100
qu_fusion_ce,ndcg5,0.7915380190265833,0.7553521227528904,0.8244853306081971,100
qu_fusion_ce,ndcg10,0.8072728639874667,0.7790860025246518,0.83357773869557,100
qu_fusion_ce,p5,0.774,0.71,0.8340500000000001,100
qu_fusion_ce,mrr,0.8898015873015873,0.8367539682539683,0.9375287698412698,100
qu_fusion_ce,food_leak5,0.0,0.0,0.0,99
qu_fusion_ce,judged10,1.0,1.0,1.0,100
dense_pointwise,ndcg5,0.9149090231593253,0.8976748694067443,0.931744342577215,100
dense_pointwise,ndcg10,0.9204336533422054,0.9051446663075658,0.9351566900817269,100
dense_pointwise,p5,0.904,0.8640000000000001,0.94,100
dense_pointwise,mrr,0.99,0.975,1.0,100
dense_pointwise,food_leak5,0.0,0.0,0.0,99
dense_pointwise,judged10,1.0,1.0,1.0,100
