system,group,metric,mean,lo,hi,n
bm25,concrete_dish,ndcg5,0.5685077544455651,0.4998993034351123,0.6364387708063101,58
bm25,concrete_dish,ndcg10,0.5706374787335636,0.5136535657650878,0.6271700421004467,58
bm25,concrete_dish,p5,0.4827586206896552,0.4,0.5587068965517241,58
bm25,concrete_dish,mrr,0.6752052545155994,0.5782753489326766,0.7753402093596059,58
bm25,concrete_dish,food_leak5,0.05172413793103448,0.020689655172413796,0.08965517241379309,58
bm25,concrete_dish,judged10,1.0,1.0,1.0,58
bm25,cuisine_style,ndcg5,0.5202868117423063,0.4344517607125194,0.6170991278294972,21
bm25,cuisine_style,ndcg10,0.5138554590487338,0.4287036930027682,0.6107468852050513,21
bm25,cuisine_style,p5,0.4761904761904763,0.3426190476190476,0.6095238095238097,21
bm25,cuisine_style,mrr,0.7068027210884354,0.548032879818594,0.8668253968253966,21
bm25,cuisine_style,food_leak5,0.08571428571428572,0.01904761904761905,0.1619047619047619,21
bm25,cuisine_style,judged10,1.0,1.0,1.0,21
bm25,occasion,ndcg5,0.6350703019680817,0.534872336665171,0.7328655052484861,20
bm25,occasion,ndcg10,0.6434261873883184,0.5515992450782724,0.732849486019223,20
bm25,occasion,p5,0.69,0.5799999999999998,0.8099999999999999,20
bm25,occasion,mrr,0.825,0.7,0.9333333333333332,20
bm25,occasion,food_leak5,0.14,0.05,0.25,20
bm25,occasion,judged10,1.0,1.0,1.0,20
bm25,product,ndcg5,0.9913646294746149,0.9913646294746149,0.9913646294746149,1
bm25,product,ndcg10,0.9375779842738846,0.9375779842738846,0.9375779842738846,1
bm25,product,p5,1.0,1.0,1.0,1
bm25,product,mrr,1.0,1.0,1.0,1
bm25,product,food_leak5,,,,0
bm25,product,judged10,1.0,1.0,1.0,1
bm25,us_translated,ndcg5,0.49215752248334504,0.42975994091359004,0.5585500042394806,54
bm25,us_translated,ndcg10,0.5049497811922281,0.4476938951540135,0.5672833904382798,54
bm25,us_translated,p5,0.4222222222222222,0.3480555555555555,0.5037037037037038,54
bm25,us_translated,mrr,0.5836860670194003,0.4889434523809524,0.677340167548501,54
bm25,us_translated,food_leak5,0.08518518518518521,0.044444444444444446,0.12962962962962965,54
bm25,us_translated,judged10,1.0,1.0,1.0,54
dense_bge_m3,concrete_dish,ndcg5,0.677791553261216,0.6182658646801811,0.7334737995136543,58
dense_bge_m3,concrete_dish,ndcg10,0.6749351311347105,0.6203134544561743,0.7234456990787635,58
dense_bge_m3,concrete_dish,p5,0.5586206896551724,0.47232758620689663,0.6448275862068966,58
dense_bge_m3,concrete_dish,mrr,0.7670019157088123,0.6685332854406132,0.8540301724137931,58
dense_bge_m3,concrete_dish,food_leak5,0.02413793103448276,0.003448275862068966,0.05862068965517242,58
dense_bge_m3,concrete_dish,judged10,1.0,1.0,1.0,58
dense_bge_m3,cuisine_style,ndcg5,0.5690792203597825,0.5008603865170151,0.6497420796167414,21
dense_bge_m3,cuisine_style,ndcg10,0.583002310660796,0.5237488670807438,0.6535052454230414,21
dense_bge_m3,cuisine_style,p5,0.5333333333333334,0.3904761904761904,0.6857142857142857,21
dense_bge_m3,cuisine_style,mrr,0.6992063492063492,0.5205753968253969,0.861984126984127,21
dense_bge_m3,cuisine_style,food_leak5,0.01904761904761905,0.0,0.047619047619047616,21
dense_bge_m3,cuisine_style,judged10,1.0,1.0,1.0,21
dense_bge_m3,occasion,ndcg5,0.7530435491896821,0.6783123385797638,0.8221693197594442,20
dense_bge_m3,occasion,ndcg10,0.7459110209604829,0.6809223669065315,0.8116893220091319,20
dense_bge_m3,occasion,p5,0.8100000000000002,0.7,0.9199999999999999,20
dense_bge_m3,occasion,mrr,0.925,0.85,1.0,20
dense_bge_m3,occasion,food_leak5,0.06,0.01,0.12000000000000002,20
dense_bge_m3,occasion,judged10,1.0,1.0,1.0,20
dense_bge_m3,product,ndcg5,1.0,1.0,1.0,1
dense_bge_m3,product,ndcg10,0.888275761949905,0.888275761949905,0.888275761949905,1
dense_bge_m3,product,p5,1.0,1.0,1.0,1
dense_bge_m3,product,mrr,1.0,1.0,1.0,1
dense_bge_m3,product,food_leak5,,,,0
dense_bge_m3,product,judged10,1.0,1.0,1.0,1
dense_bge_m3,us_translated,ndcg5,0.6285851174403327,0.5659520497938726,0.6895997302609144,54
dense_bge_m3,us_translated,ndcg10,0.6288268458019509,0.573858000254644,0.6839175288194327,54
dense_bge_m3,us_translated,p5,0.5148148148148148,0.4221296296296296,0.6111111111111112,54
dense_bge_m3,us_translated,mrr,0.7417181069958848,0.6344495884773662,0.8389930555555556,54
dense_bge_m3,us_translated,food_leak5,0.03333333333333333,0.007407407407407408,0.07046296296296288,54
dense_bge_m3,us_translated,judged10,1.0,1.0,1.0,54
dense_e5_base,concrete_dish,ndcg5,0.6119344220382752,0.5494458324936906,0.672037105894547,58
dense_e5_base,concrete_dish,ndcg10,0.6116916007691661,0.5549029309778533,0.6650453270066872,58
dense_e5_base,concrete_dish,p5,0.47931034482758617,0.38965517241379305,0.5655172413793104,58
dense_e5_base,concrete_dish,mrr,0.6971743295019157,0.585341235632184,0.7980459770114942,58
dense_e5_base,concrete_dish,food_leak5,0.034482758620689655,0.006896551724137932,0.06896551724137931,58
dense_e5_base,concrete_dish,judged10,1.0,1.0,1.0,58
dense_e5_base,cuisine_style,ndcg5,0.5352732661166225,0.4863327975114979,0.5895982592379203,21
dense_e5_base,cuisine_style,ndcg10,0.5484437087057745,0.49810338597418163,0.6003918156465359,21
dense_e5_base,cuisine_style,p5,0.44761904761904764,0.31428571428571433,0.580952380952381,21
dense_e5_base,cuisine_style,mrr,0.6556878306878307,0.4906216931216931,0.8243386243386243,21
dense_e5_base,cuisine_style,food_leak5,0.009523809523809525,0.0,0.028571428571428574,21
dense_e5_base,cuisine_style,judged10,1.0,1.0,1.0,21
dense_e5_base,occasion,ndcg5,0.7204148186925632,0.6432562436434209,0.7964561067649224,20
dense_e5_base,occasion,ndcg10,0.7053951418315538,0.6341048482768374,0.770270274700092,20
dense_e5_base,occasion,p5,0.77,0.6500000000000001,0.8800000000000001,20
dense_e5_base,occasion,mrr,0.8666666666666666,0.7583333333333333,0.95,20
dense_e5_base,occasion,food_leak5,0.08,0.0,0.16999999999999998,20
dense_e5_base,occasion,judged10,1.0,1.0,1.0,20
dense_e5_base,product,ndcg5,1.0,1.0,1.0,1
dense_e5_base,product,ndcg10,0.8911553481695266,0.8911553481695266,0.8911553481695266,1
dense_e5_base,product,p5,1.0,1.0,1.0,1
dense_e5_base,product,mrr,1.0,1.0,1.0,1
dense_e5_base,product,food_leak5,,,,0
dense_e5_base,product,judged10,1.0,1.0,1.0,1
dense_e5_base,us_translated,ndcg5,0.5732483783202995,0.517707036417098,0.6294229717528869,54
dense_e5_base,us_translated,ndcg10,0.5706000504409935,0.5169950425589043,0.6226147711107145,54
dense_e5_base,us_translated,p5,0.44814814814814813,0.362962962962963,0.533425925925926,54
dense_e5_base,us_translated,mrr,0.6436213991769547,0.5349665637860083,0.7521604938271603,54
dense_e5_base,us_translated,food_leak5,0.037037037037037035,0.007407407407407408,0.07037037037037037,54
dense_e5_base,us_translated,judged10,1.0,1.0,1.0,54
dense_oai_large,concrete_dish,ndcg5,0.8225122962131991,0.7748553050003584,0.8619094614930476,58
dense_oai_large,concrete_dish,ndcg10,0.818418557473268,0.7786552772220791,0.8548492999053653,58
dense_oai_large,concrete_dish,p5,0.7482758620689653,0.6758620689655173,0.8173275862068965,58
dense_oai_large,concrete_dish,mrr,0.9295977011494254,0.8778376436781609,0.9741379310344828,58
dense_oai_large,concrete_dish,food_leak5,0.006896551724137932,0.0,0.020689655172413796,58
dense_oai_large,concrete_dish,judged10,1.0,1.0,1.0,58
dense_oai_large,cuisine_style,ndcg5,0.7538460730218832,0.6753763834125405,0.8241239529894457,21
dense_oai_large,cuisine_style,ndcg10,0.7814061416760252,0.6984684733426455,0.8426522444166309,21
dense_oai_large,cuisine_style,p5,0.8,0.6952380952380953,0.8952380952380953,21
dense_oai_large,cuisine_style,mrr,0.9206349206349206,0.8253968253968255,1.0,21
dense_oai_large,cuisine_style,food_leak5,0.02857142857142857,0.0,0.11428571428571428,21
dense_oai_large,cuisine_style,judged10,1.0,1.0,1.0,21
dense_oai_large,occasion,ndcg5,0.8801064529486144,0.8217635182525359,0.9310060124023742,20
dense_oai_large,occasion,ndcg10,0.8756755045445719,0.8240799001680693,0.9210348089340173,20
dense_oai_large,occasion,p5,0.93,0.8400000000000001,0.99,20
dense_oai_large,occasion,mrr,1.0,1.0,1.0,20
dense_oai_large,occasion,food_leak5,0.030000000000000006,0.0,0.06000000000000001,20
dense_oai_large,occasion,judged10,1.0,1.0,1.0,20
dense_oai_large,product,ndcg5,1.0,1.0,1.0,1
dense_oai_large,product,ndcg10,0.945044374134196,0.945044374134196,0.945044374134196,1
dense_oai_large,product,p5,1.0,1.0,1.0,1
dense_oai_large,product,mrr,1.0,1.0,1.0,1
dense_oai_large,product,food_leak5,,,,0
dense_oai_large,product,judged10,1.0,1.0,1.0,1
dense_oai_large,us_translated,ndcg5,0.7822538843845216,0.7292143751030438,0.8300450310574312,54
dense_oai_large,us_translated,ndcg10,0.7808608561379117,0.7349982459024629,0.8223611389455378,54
dense_oai_large,us_translated,p5,0.7259259259259258,0.6443518518518517,0.8074074074074075,54
dense_oai_large,us_translated,mrr,0.9027777777777778,0.8332947530864198,0.9598765432098765,54
dense_oai_large,us_translated,food_leak5,0.022222222222222223,0.0,0.04824074074074066,54
dense_oai_large,us_translated,judged10,1.0,1.0,1.0,54
dense_oai_small,concrete_dish,ndcg5,0.7534379724139006,0.7038145744217403,0.7986962328942608,58
dense_oai_small,concrete_dish,ndcg10,0.7618636044590954,0.7144682517768622,0.8030274936619386,58
dense_oai_small,concrete_dish,p5,0.6517241379310345,0.5655172413793103,0.7310344827586206,58
dense_oai_small,concrete_dish,mrr,0.8478653530377668,0.7689552545155992,0.9224137931034483,58
dense_oai_small,concrete_dish,food_leak5,0.013793103448275864,0.0,0.03801724137931027,58
dense_oai_small,concrete_dish,judged10,1.0,1.0,1.0,58
dense_oai_small,cuisine_style,ndcg5,0.6843542065232094,0.6237330600258051,0.7501727161161278,21
dense_oai_small,cuisine_style,ndcg10,0.7125541359055787,0.6586130187630816,0.7715582453369118,21
dense_oai_small,cuisine_style,p5,0.6761904761904761,0.5619047619047619,0.7904761904761906,21
dense_oai_small,cuisine_style,mrr,0.8412698412698413,0.7301587301587302,0.9444444444444445,21
dense_oai_small,cuisine_style,food_leak5,0.0,0.0,0.0,21
dense_oai_small,cuisine_style,judged10,1.0,1.0,1.0,21
dense_oai_small,occasion,ndcg5,0.782394760106402,0.6766545272193961,0.8711003244294344,20
dense_oai_small,occasion,ndcg10,0.7630829559315823,0.6672303417795745,0.8417392868177012,20
dense_oai_small,occasion,p5,0.8200000000000001,0.6900000000000002,0.93,20
dense_oai_small,occasion,mrr,0.9016666666666666,0.7783333333333334,1.0,20
dense_oai_small,occasion,food_leak5,0.09000000000000001,0.02,0.19,20
dense_oai_small,occasion,judged10,1.0,1.0,1.0,20
dense_oai_small,product,ndcg5,1.0,1.0,1.0,1
dense_oai_small,product,ndcg10,0.9461109740353307,0.9461109740353307,0.9461109740353307,1
dense_oai_small,product,p5,1.0,1.0,1.0,1
dense_oai_small,product,mrr,1.0,1.0,1.0,1
dense_oai_small,product,food_leak5,,,,0
dense_oai_small,product,judged10,1.0,1.0,1.0,1
dense_oai_small,us_translated,ndcg5,0.7130473023286306,0.658482186123057,0.758989414888582,54
dense_oai_small,us_translated,ndcg10,0.7121671144386433,0.6580402452426027,0.7558633726775164,54
dense_oai_small,us_translated,p5,0.6111111111111112,0.5222222222222223,0.7037037037037037,54
dense_oai_small,us_translated,mrr,0.7964726631393299,0.7026278659611994,0.8772111992945326,54
dense_oai_small,us_translated,food_leak5,0.022222222222222227,0.0,0.05194444444444436,54
dense_oai_small,us_translated,judged10,1.0,1.0,1.0,54
dense_prior,concrete_dish,ndcg5,0.8297818631176193,0.7890495996532809,0.86799131944653,58
dense_prior,concrete_dish,ndcg10,0.8242798482871253,0.7887763025725053,0.858873828525249,58
dense_prior,concrete_dish,p5,0.7551724137931034,0.6827586206896553,0.8241379310344827,58
dense_prior,concrete_dish,mrr,0.9382183908045978,0.8864942528735633,0.9798850574712644,58
dense_prior,concrete_dish,food_leak5,0.0,0.0,0.0,58
dense_prior,concrete_dish,judged10,1.0,1.0,1.0,58
dense_prior,cuisine_style,ndcg5,0.7638922966527355,0.7030826968587337,0.8242137074484303,21
dense_prior,cuisine_style,ndcg10,0.7975655569189103,0.7503321998747109,0.8427506145671089,21
dense_prior,cuisine_style,p5,0.8,0.6952380952380953,0.8952380952380953,21
dense_prior,cuisine_style,mrr,0.9523809523809523,0.8809523809523809,1.0,21
dense_prior,cuisine_style,food_leak5,0.0,0.0,0.0,21
dense_prior,cuisine_style,judged10,1.0,1.0,1.0,21
dense_prior,occasion,ndcg5,0.8889773206270231,0.8302472429911928,0.9414576594748182,20
dense_prior,occasion,ndcg10,0.8914484974838304,0.8428619649990953,0.9356123510410784,20
dense_prior,occasion,p5,0.9400000000000001,0.85,1.0,20
dense_prior,occasion,mrr,1.0,1.0,1.0,20
dense_prior,occasion,food_leak5,0.0,0.0,0.0,20
dense_prior,occasion,judged10,1.0,1.0,1.0,20
dense_prior,product,ndcg5,1.0,1.0,1.0,1
dense_prior,product,ndcg10,0.945044374134196,0.945044374134196,0.945044374134196,1
dense_prior,product,p5,1.0,1.0,1.0,1
dense_prior,product,mrr,1.0,1.0,1.0,1
dense_prior,product,food_leak5,,,,0
dense_prior,product,judged10,1.0,1.0,1.0,1
dense_prior,us_translated,ndcg5,0.7939688024716377,0.7494556619502993,0.8361654428785328,54
dense_prior,us_translated,ndcg10,0.7934405336805841,0.7557659096540147,0.8307206602260508,54
dense_prior,us_translated,p5,0.7333333333333333,0.6555555555555554,0.811111111111111,54
dense_prior,us_translated,mrr,0.9243827160493827,0.8626543209876544,0.9722222222222222,54
dense_prior,us_translated,food_leak5,0.0,0.0,0.0,54
dense_prior,us_translated,judged10,1.0,1.0,1.0,54
hybrid,concrete_dish,ndcg5,0.9331611006568915,0.9102338743090221,0.9547490560620155,58
hybrid,concrete_dish,ndcg10,0.9299507972414625,0.9140028564161897,0.9466071238588374,58
hybrid,concrete_dish,p5,0.889655172413793,0.8344827586206897,0.9344827586206897,58
hybrid,concrete_dish,mrr,0.9827586206896551,0.9568965517241379,1.0,58
hybrid,concrete_dish,food_leak5,0.0,0.0,0.0,58
hybrid,concrete_dish,judged10,1.0,1.0,1.0,58
hybrid,cuisine_style,ndcg5,0.9034800979518144,0.8600706084691971,0.9417664956317571,21
hybrid,cuisine_style,ndcg10,0.9170554431475656,0.8855035133239693,0.946207133744522,21
hybrid,cuisine_style,p5,0.9714285714285715,0.9238095238095239,1.0,21
hybrid,cuisine_style,mrr,1.0,1.0,1.0,21
hybrid,cuisine_style,food_leak5,0.0,0.0,0.0,21
hybrid,cuisine_style,judged10,1.0,1.0,1.0,21
hybrid,occasion,ndcg5,0.9819201658113599,0.9588834826065776,0.9978132487081275,20
hybrid,occasion,ndcg10,0.9685987480417122,0.9515992514025775,0.9834791822137905,20
hybrid,occasion,p5,0.99,0.97,1.0,20
hybrid,occasion,mrr,1.0,1.0,1.0,20
hybrid,occasion,food_leak5,0.0,0.0,0.0,20
hybrid,occasion,judged10,1.0,1.0,1.0,20
hybrid,product,ndcg5,1.0,1.0,1.0,1
hybrid,product,ndcg10,0.9461109740353307,0.9461109740353307,0.9461109740353307,1
hybrid,product,p5,1.0,1.0,1.0,1
hybrid,product,mrr,1.0,1.0,1.0,1
hybrid,product,food_leak5,,,,0
hybrid,product,judged10,1.0,1.0,1.0,1
hybrid,us_translated,ndcg5,0.9326935766348997,0.9089630496587604,0.9552666038757053,54
hybrid,us_translated,ndcg10,0.9294769520490789,0.9120936933047731,0.9465178067568456,54
hybrid,us_translated,p5,0.9222222222222222,0.8666666666666666,0.9629629629629629,54
hybrid,us_translated,mrr,0.9814814814814815,0.9537037037037037,1.0,54
hybrid,us_translated,food_leak5,0.0,0.0,0.0,54
hybrid,us_translated,judged10,1.0,1.0,1.0,54
main,concrete_dish,ndcg5,0.9255094744897573,0.9045381581438775,0.9453800910943112,58
main,concrete_dish,ndcg10,0.9226192935983394,0.9059078839382648,0.9402598758396856,58
main,concrete_dish,p5,0.8793103448275862,0.8172413793103449,0.9310344827586206,58
main,concrete_dish,mrr,0.9862068965517242,0.9586206896551723,1.0,58
main,concrete_dish,food_leak5,0.0,0.0,0.0,58
main,concrete_dish,judged10,1.0,1.0,1.0,58
main,cuisine_style,ndcg5,0.8823771258062335,0.8391155343406184,0.9226548055922943,21
main,cuisine_style,ndcg10,0.9061431117612777,0.8748950719824319,0.9350411629976668,21
main,cuisine_style,p5,0.961904761904762,0.9238095238095239,0.9904761904761905,21
main,cuisine_style,mrr,1.0,1.0,1.0,21
main,cuisine_style,food_leak5,0.0,0.0,0.0,21
main,cuisine_style,judged10,1.0,1.0,1.0,21
main,occasion,ndcg5,0.9728350599038815,0.9474557190078607,0.9939138187565539,20
main,occasion,ndcg10,0.959919445767421,0.9319214766993955,0.9830219199380478,20
main,occasion,p5,0.9800000000000001,0.95,1.0,20
main,occasion,mrr,1.0,1.0,1.0,20
main,occasion,food_leak5,0.0,0.0,0.0,20
main,occasion,judged10,1.0,1.0,1.0,20
main,product,ndcg5,1.0,1.0,1.0,1
main,product,ndcg10,1.0,1.0,1.0,1
main,product,p5,1.0,1.0,1.0,1
main,product,mrr,1.0,1.0,1.0,1
main,product,food_leak5,,,,0
main,product,judged10,1.0,1.0,1.0,1
main,us_translated,ndcg5,0.9181920430339058,0.893607283596574,0.9396489474307338,54
main,us_translated,ndcg10,0.9174509225579911,0.9000741129815142,0.9353345509739321,54
main,us_translated,p5,0.9000000000000001,0.8407407407407407,0.9481481481481481,54
main,us_translated,mrr,0.9851851851851853,0.9555555555555555,1.0,54
main,us_translated,food_leak5,0.0,0.0,0.0,54
main,us_translated,judged10,1.0,1.0,1.0,54
qu_fusion,concrete_dish,ndcg5,0.8763754334145375,0.8477475809645104,0.9055901984141272,58
qu_fusion,concrete_dish,ndcg10,0.8750390426066071,0.8514883298833197,0.8996528894822973,58
qu_fusion,concrete_dish,p5,0.8068965517241379,0.7413793103448276,0.8689655172413793,58
qu_fusion,concrete_dish,mrr,0.9683908045977011,0.92816091954023,1.0,58
qu_fusion,concrete_dish,food_leak5,0.0,0.0,0.0,58
qu_fusion,concrete_dish,judged10,1.0,1.0,1.0,58
qu_fusion,cuisine_style,ndcg5,0.8447751905803071,0.802335826612548,0.8879691075348275,21
qu_fusion,cuisine_style,ndcg10,0.8596915931544183,0.8240711110040613,0.8949820981191832,21
qu_fusion,cuisine_style,p5,0.9238095238095239,0.8476190476190475,0.9904761904761905,21
qu_fusion,cuisine_style,mrr,1.0,1.0,1.0,21
qu_fusion,cuisine_style,food_leak5,0.0,0.0,0.0,21
qu_fusion,cuisine_style,judged10,1.0,1.0,1.0,21
qu_fusion,occasion,ndcg5,0.9375108441710681,0.895528915004375,0.9707882901358335,20
qu_fusion,occasion,ndcg10,0.93206080257628,0.89145450155796,0.9643342520935868,20
qu_fusion,occasion,p5,0.96,0.8799999999999999,1.0,20
qu_fusion,occasion,mrr,1.0,1.0,1.0,20
qu_fusion,occasion,food_leak5,0.0,0.0,0.0,20
qu_fusion,occasion,judged10,1.0,1.0,1.0,20
qu_fusion,product,ndcg5,1.0,1.0,1.0,1
qu_fusion,product,ndcg10,0.9192765386565613,0.9192765386565613,0.9192765386565613,1
qu_fusion,product,p5,1.0,1.0,1.0,1
qu_fusion,product,mrr,1.0,1.0,1.0,1
qu_fusion,product,food_leak5,,,,0
qu_fusion,product,judged10,1.0,1.0,1.0,1
qu_fusion,us_translated,ndcg5,0.8594933938507091,0.8270777768709238,0.8916673906293894,54
qu_fusion,us_translated,ndcg10,0.8647391533073407,0.8394621678524786,0.8880342086542561,54
qu_fusion,us_translated,p5,0.811111111111111,0.7370370370370372,0.8814814814814814,54
qu_fusion,us_translated,mrr,0.9660493827160493,0.9259259259259259,1.0,54
qu_fusion,us_translated,food_leak5,0.0,0.0,0.0,54
qu_fusion,us_translated,judged10,1.0,1.0,1.0,54
qu_fusion_ce,concrete_dish,ndcg5,0.8035694037307841,0.7585816989991937,0.8449858641466516,58
qu_fusion_ce,concrete_dish,ndcg10,0.8109717767910161,0.7754069231193549,0.8428438024179251,58
qu_fusion_ce,concrete_dish,p5,0.7344827586206897,0.6517241379310345,0.8138793103448275,58
qu_fusion_ce,concrete_dish,mrr,0.8822523262178436,0.8104799534756432,0.942528735632184,58
qu_fusion_ce,concrete_dish,food_leak5,0.0,0.0,0.0,58
qu_fusion_ce,concrete_dish,judged10,1.0,1.0,1.0,58
qu_fusion_ce,cuisine_style,ndcg5,0.6852946526002386,0.6146999957570818,0.7651435241227315,21
qu_fusion_ce,cuisine_style,ndcg10,0.7320940869151213,0.6793746352450598,0.7946099462283852,21
qu_fusion_ce,cuisine_style,p5,0.7333333333333334,0.6095238095238095,0.8571428571428571,21
qu_fusion_ce,cuisine_style,mrr,0.8242630385487527,0.694982993197279,0.9444444444444444,21
qu_fusion_ce,cuisine_style,food_leak5,0.0,0.0,0.0,21
qu_fusion_ce,cuisine_style,judged10,1.0,1.0,1.0,21
qu_fusion_ce,occasion,ndcg5,0.857779439083392,0.7896716777896527,0.9162150425631512,20
qu_fusion_ce,occasion,ndcg10,0.8685418272807434,0.8066143133346184,0.9214693927572402,20
qu_fusion_ce,occasion,p5,0.9199999999999999,0.8099999999999999,1.0,20
qu_fusion_ce,occasion,mrr,0.975,0.925,1.0,20
qu_fusion_ce,occasion,food_leak5,0.0,0.0,0.0,20
qu_fusion_ce,occasion,judged10,1.0,1.0,1.0,20
qu_fusion_ce,product,ndcg5,1.0,1.0,1.0,1
qu_fusion_ce,product,ndcg10,0.9461109740353307,0.9461109740353307,0.9461109740353307,1
qu_fusion_ce,product,p5,1.0,1.0,1.0,1
qu_fusion_ce,product,mrr,1.0,1.0,1.0,1
qu_fusion_ce,product,food_leak5,,,,0
qu_fusion_ce,product,judged10,1.0,1.0,1.0,1
qu_fusion_ce,us_translated,ndcg5,0.7628246993850362,0.7117075862584905,0.8087438740294582,54
qu_fusion_ce,us_translated,ndcg10,0.7774082274767872,0.7391794015214684,0.8148002533979507,54
qu_fusion_ce,us_translated,p5,0.7037037037037037,0.6074074074074074,0.7926851851851852,54
qu_fusion_ce,us_translated,mrr,0.856114050558495,0.7789149764844209,0.9240630511463844,54
qu_fusion_ce,us_translated,food_leak5,0.0,0.0,0.0,54
qu_fusion_ce,us_translated,judged10,1.0,1.0,1.0,54
dense_pointwise,concrete_dish,ndcg5,0.9108529013667201,0.8861170303715101,0.9333938544669171,58
dense_pointwise,concrete_dish,ndcg10,0.9133754069466753,0.8946567535490828,0.9303831496694766,58
dense_pointwise,concrete_dish,p5,0.8655172413793103,0.8103448275862069,0.9172413793103449,58
dense_pointwise,concrete_dish,mrr,0.9827586206896551,0.9568965517241379,1.0,58
dense_pointwise,concrete_dish,food_leak5,0.0,0.0,0.0,58
dense_pointwise,concrete_dish,judged10,1.0,1.0,1.0,58
dense_pointwise,cuisine_style,ndcg5,0.883632336474796,0.8427961793846849,0.9242932006171146,21
dense_pointwise,cuisine_style,ndcg10,0.906866322825403,0.8698897500226302,0.9404112038677535,21
dense_pointwise,cuisine_style,p5,0.9333333333333333,0.8571428571428571,0.9904761904761905,21
dense_pointwise,cuisine_style,mrr,1.0,1.0,1.0,21
dense_pointwise,cuisine_style,food_leak5,0.0,0.0,0.0,21
dense_pointwise,cuisine_style,judged10,1.0,1.0,1.0,21
dense_pointwise,occasion,ndcg5,0.9552577485346019,0.9306236503189051,0.9767711091026143,20
dense_pointwise,occasion,ndcg10,0.9511699475989961,0.927431570451255,0.974812080026426,20
dense_pointwise,occasion,p5,0.9800000000000001,0.9399999999999998,1.0,20
dense_pointwise,occasion,mrr,1.0,1.0,1.0,20
dense_pointwise,occasion,food_leak5,0.0,0.0,0.0,20
dense_pointwise,occasion,judged10,1.0,1.0,1.0,20
dense_pointwise,product,ndcg5,1.0,1.0,1.0,1
dense_pointwise,product,ndcg10,1.0,1.0,1.0,1
dense_pointwise,product,p5,1.0,1.0,1.0,1
dense_pointwise,product,mrr,1.0,1.0,1.0,1
dense_pointwise,product,food_leak5,,,,0
dense_pointwise,product,judged10,1.0,1.0,1.0,1
dense_pointwise,us_translated,ndcg5,0.8937237344042408,0.8673872126402101,0.919923721538719,54
dense_pointwise,us_translated,ndcg10,0.8982970222020596,0.8768022699188873,0.9167869019177969,54
dense_pointwise,us_translated,p5,0.8666666666666666,0.8037037037037037,0.9185185185185184,54
dense_pointwise,us_translated,mrr,0.9814814814814815,0.9537037037037037,1.0,54
dense_pointwise,us_translated,food_leak5,0.0,0.0,0.0,54
dense_pointwise,us_translated,judged10,1.0,1.0,1.0,54
