system,query_id,ndcg5,ndcg10,p5,mrr,food_leak5,judged10
bm25,q001,0.7925117434660274,0.7976080075736505,0.8,1.0,0.0,1.0
bm25,q002,0.7618017901203944,0.5682719812111745,0.6,1.0,0.0,1.0
bm25,q003,0.6702844482938307,0.7490813931356906,0.4,1.0,0.2,1.0
bm25,q004,0.176544905738014,0.2615905449380026,0.0,0.14285714285714285,0.2,1.0
bm25,q005,0.7573857224418385,0.7081912069027368,0.6,0.5,0.0,1.0
bm25,q006,0.0,0.0,0.0,0.0,0.2,1.0
bm25,q007,0.565602538756171,0.6580886277365613,0.2,0.2,0.0,1.0
bm25,q008,0.37738006901544385,0.3757102685611503,0.2,0.5,0.2,1.0
bm25,q009,0.37369915365112566,0.3249470740168439,0.2,1.0,0.0,1.0
bm25,q010,0.6261806449294969,0.6498185734259453,0.4,1.0,0.0,1.0
bm25,q011,0.7445439475420768,0.7341308084967668,0.6,1.0,0.0,1.0
bm25,q012,0.0,0.12138683681004349,0.0,0.14285714285714285,0.0,1.0
bm25,q013,0.730118140888437,0.782426823760542,0.8,1.0,0.0,1.0
bm25,q014,0.6578242262397573,0.7779513360933721,0.4,0.3333333333333333,0.0,1.0
bm25,q015,0.8869465982421278,0.8534111680923737,1.0,1.0,0.0,1.0
bm25,q016,0.4820381310356317,0.5086173760042927,0.0,0.0,0.0,1.0
bm25,q017,0.6661998717660157,0.45677277297078134,0.6,1.0,0.0,1.0
bm25,q018,0.5477279334065154,0.526706632416258,0.6,1.0,0.2,1.0
bm25,q019,1.0,1.0,1.0,1.0,0.0,1.0
bm25,q020,0.565602538756171,0.6184526543598282,0.2,0.2,0.0,1.0
bm25,q021,0.5351041935991797,0.6863869066310664,0.0,0.14285714285714285,0.0,1.0
bm25,q022,0.5118886180624318,0.5885621132091088,0.6,0.5,0.2,1.0
bm25,q023,0.05609067613947138,0.1880559027808278,0.0,0.125,0.0,1.0
bm25,q024,0.5337225944829446,0.6106375215738955,0.4,1.0,0.4,1.0
bm25,q025,0.661712242556545,0.668377411350598,0.8,1.0,0.0,1.0
bm25,q026,0.7833471457646615,0.8448194088557696,1.0,1.0,0.0,1.0
bm25,q027,0.7364722470744329,0.7885427632440497,0.4,1.0,0.0,1.0
bm25,q028,0.9085200473861955,0.8158188005942568,0.8,1.0,0.0,1.0
bm25,q029,0.5118886180624318,0.5785283138526436,0.8,0.5,0.0,1.0
bm25,q030,0.7644644928223673,0.755967680581889,0.8,1.0,0.0,1.0
bm25,q031,0.5126296991974943,0.5439484459410223,0.4,0.5,0.0,1.0
bm25,q032,0.13284008937902195,0.36777944681436175,0.2,0.3333333333333333,0.8,1.0
bm25,q033,0.5538466623591201,0.5741419339204035,0.6,0.3333333333333333,0.0,1.0
bm25,q034,0.2974355584272533,0.2490244936240925,0.2,1.0,0.0,1.0
bm25,q035,0.4239502565920201,0.5586186285095196,0.2,1.0,0.0,1.0
bm25,q036,0.4299813935652734,0.6300969277578489,0.4,0.5,0.0,1.0
bm25,q037,0.46281809150555525,0.4503962078469845,0.4,0.5,0.2,1.0
bm25,q038,0.443656421433396,0.4304916773148931,0.2,0.3333333333333333,0.0,1.0
bm25,q039,0.7379954215781757,0.7826372704546936,1.0,1.0,0.0,1.0
bm25,q040,0.5840870116961285,0.6767822883418159,0.6,0.5,0.0,1.0
bm25,q041,0.0,0.15443374211425107,0.0,0.14285714285714285,0.0,1.0
bm25,q042,0.4777969189511402,0.4855917196377427,0.2,1.0,0.0,1.0
bm25,q043,0.6179367886094942,0.7021742782676111,0.4,1.0,0.0,1.0
bm25,q044,0.4266302569485106,0.320145515276941,0.4,1.0,0.4,1.0
bm25,q045,0.4121943801949693,0.3353286711784387,0.2,0.3333333333333333,0.2,1.0
bm25,q046,0.7034368894029079,0.7651369746556154,0.6,1.0,0.0,1.0
bm25,q047,0.9059532679864118,0.6719118380144739,0.4,1.0,0.0,1.0
bm25,q048,0.6505253699032811,0.548054703593063,0.8,1.0,0.2,1.0
bm25,q049,0.3234857034108817,0.41783294723096437,0.4,1.0,0.6,1.0
bm25,q050,0.6992148198508501,0.48686968626838,0.6,1.0,0.0,1.0
bm25,q051,0.943473299121064,0.84224721555284,1.0,1.0,0.0,1.0
bm25,q052,0.37077469232984683,0.3746497299658785,0.2,0.5,0.0,1.0
bm25,q053,0.2573857224418387,0.3772755456345731,0.0,0.125,0.0,1.0
bm25,q054,0.6460377406938106,0.5101243406887542,0.8,1.0,0.0,1.0
bm25,q055,0.7840048711692542,0.7839528452448411,0.6,1.0,0.0,1.0
bm25,q056,0.7825115583090574,0.8159824181020165,0.8,1.0,0.0,1.0
bm25,q057,0.7304917595693875,0.6129099432882705,0.6,1.0,0.0,1.0
bm25,q058,0.8964625451344912,0.8446569431437415,0.8,1.0,0.0,1.0
bm25,q059,0.5760497434079799,0.5816396680013128,0.6,0.5,0.2,1.0
bm25,q060,0.6513978177334425,0.5629708619670457,0.6,1.0,0.0,1.0
bm25,q061,0.6298964439304253,0.6144838399689028,0.6,0.5,0.0,1.0
bm25,q062,0.8073137974986004,0.8537529096664049,0.8,1.0,0.0,1.0
bm25,q063,0.6179367886094942,0.4225051418507037,0.4,1.0,0.0,1.0
bm25,q064,0.6538749916251778,0.6271793359917579,0.8,1.0,0.0,1.0
bm25,q065,0.637519263848429,0.7553615911986102,0.6,0.5,0.0,1.0
bm25,q066,0.6666666666666666,0.6715924935932411,1.0,1.0,0.0,1.0
bm25,q067,0.3283789092232118,0.3282254614491909,0.2,0.2,0.0,1.0
bm25,q068,0.49791200987295503,0.4664155193545641,0.4,1.0,0.0,1.0
bm25,q069,0.830419897363192,0.8370318741189873,0.8,0.5,0.0,1.0
bm25,q070,0.8611160259039345,0.839957246239332,1.0,1.0,0.0,1.0
bm25,q071,0.5825462367136687,0.5415948371682072,0.6,1.0,0.0,1.0
bm25,q072,0.456234365013657,0.5322992134602794,0.6,0.5,0.0,1.0
bm25,q073,0.36226630513820735,0.39882942189926884,0.4,1.0,0.0,1.0
bm25,q074,1.0,1.0,1.0,1.0,0.0,1.0
bm25,q075,0.5953379117551574,0.6156163399607479,0.8,1.0,0.0,1.0
bm25,q076,1.0,0.9608008655106622,1.0,1.0,0.0,1.0
bm25,q077,0.4333057084706773,0.33130325513412917,0.4,1.0,0.6,1.0
bm25,q078,0.19918421070195438,0.2647495461338502,0.2,0.5,0.8,1.0
bm25,q079,0.8721445442095548,0.8492842464082347,1.0,1.0,0.0,1.0
bm25,q080,0.8304198973631919,0.799064064954467,1.0,1.0,0.0,1.0
bm25,q081,0.7458326725095429,0.5345817681315906,0.8,1.0,0.0,1.0
bm25,q082,0.8122682216087221,0.5733939779317303,0.8,1.0,0.2,1.0
bm25,q083,0.5903834876450359,0.5823824806569392,0.6,1.0,0.0,1.0
bm25,q084,0.0,0.0,0.0,0.0,0.4,1.0
bm25,q085,0.13494092955578155,0.09498585865465566,0.0,0.0,0.0,1.0
bm25,q086,0.6666666666666666,0.7033081968031953,1.0,1.0,0.0,1.0
bm25,q087,0.25437015395521206,0.17653239837139892,0.0,0.0,0.0,1.0
bm25,q088,0.9913646294746149,0.9375779842738846,1.0,1.0,,1.0
bm25,q089,0.36923110823941335,0.4279897710773244,0.4,0.25,0.0,1.0
bm25,q090,0.2133151284742553,0.27753447173709456,0.2,0.3333333333333333,0.4,1.0
bm25,q091,0.8687949224876581,0.8192929040953766,0.8,1.0,0.2,1.0
bm25,q092,0.24090885754831726,0.20859887709267513,0.0,0.16666666666666666,0.2,1.0
bm25,q093,0.49012176092865256,0.48981646794633416,0.4,0.3333333333333333,0.0,1.0
bm25,q094,0.8849362192510435,0.8003948595483401,1.0,1.0,0.0,1.0
bm25,q095,0.346591803275473,0.3871656549164314,0.6,0.3333333333333333,0.4,1.0
bm25,q096,0.2754563589023648,0.4381154407190836,0.0,0.0,0.0,1.0
bm25,q097,0.6448998095328874,0.7695642739995379,0.6,1.0,0.2,1.0
bm25,q098,1.0,0.8235371134674597,1.0,1.0,0.0,1.0
bm25,q099,0.5486588407986729,0.5925985007422899,0.6,0.5,0.0,1.0
bm25,q100,0.8304198973631919,0.8899541168509598,1.0,1.0,0.0,1.0
dense_bge_m3,q001,0.6666666666666666,0.6709733774609321,1.0,1.0,0.0,1.0
dense_bge_m3,q002,0.7573857224418385,0.7050244010095064,0.6,1.0,0.0,1.0
dense_bge_m3,q003,0.7773492477204695,0.8778236258105951,0.2,1.0,0.0,1.0
dense_bge_m3,q004,0.3333333333333333,0.3405554691237046,0.0,0.0,0.0,1.0
dense_bge_m3,q005,0.8082168163143322,0.7025287975942835,0.6,1.0,0.0,1.0
dense_bge_m3,q006,0.915209948681596,0.9118499466982855,0.8,1.0,0.0,1.0
dense_bge_m3,q007,0.5,0.6064533028295918,0.0,0.0,0.0,1.0
dense_bge_m3,q008,0.6496091412312497,0.685903656050415,0.2,0.5,0.0,1.0
dense_bge_m3,q009,0.05364782174980228,0.17065052994424856,0.0,0.1,0.0,1.0
dense_bge_m3,q010,0.5817744828317774,0.44087688808943626,0.4,1.0,0.0,1.0
dense_bge_m3,q011,0.7925629232139043,0.8934810419646391,0.8,1.0,0.0,1.0
dense_bge_m3,q012,0.28307289892484966,0.2874364656539337,0.0,0.0,0.2,1.0
dense_bge_m3,q013,0.8550077055393716,0.8695896301991038,1.0,1.0,0.0,1.0
dense_bge_m3,q014,0.735182641392979,0.7211097971190065,0.4,1.0,0.0,1.0
dense_bge_m3,q015,0.9562649741625525,0.9484408074789666,1.0,1.0,0.0,1.0
dense_bge_m3,q016,0.5043138802658464,0.5755109644074407,0.0,0.0,0.0,1.0
dense_bge_m3,q017,0.838257148294559,0.8296635447415462,1.0,1.0,0.0,1.0
dense_bge_m3,q018,0.6059641901508125,0.6046446256302982,0.4,1.0,0.2,1.0
dense_bge_m3,q019,0.934397461243829,0.9207464801295094,0.8,1.0,0.0,1.0
dense_bge_m3,q020,0.584790051318404,0.6264205135925887,0.2,0.3333333333333333,0.0,1.0
dense_bge_m3,q021,0.6053125807975392,0.6939193804029085,0.2,0.2,0.0,1.0
dense_bge_m3,q022,0.38986003421226934,0.4190541928248858,0.2,0.3333333333333333,0.0,1.0
dense_bge_m3,q023,0.4275038527696858,0.6085642247667128,0.0,0.16666666666666666,0.0,1.0
dense_bge_m3,q024,0.44888468535024983,0.4329988423962978,0.2,0.25,0.0,1.0
dense_bge_m3,q025,0.7231933675456026,0.6788939870165599,1.0,1.0,0.0,1.0
dense_bge_m3,q026,0.8007398659314671,0.8355423762634122,0.8,1.0,0.0,1.0
dense_bge_m3,q027,0.8878186477210572,0.8010635718891831,0.8,1.0,0.0,1.0
dense_bge_m3,q028,0.7200667759835901,0.6186081412568682,0.6,0.5,0.0,1.0
dense_bge_m3,q029,0.6666666666666666,0.6879138665596888,1.0,1.0,0.0,1.0
dense_bge_m3,q030,0.6661987794328937,0.6449908034395347,0.8,1.0,0.0,1.0
dense_bge_m3,q031,0.4275038527696858,0.48574490719222113,0.0,0.16666666666666666,0.0,1.0
dense_bge_m3,q032,0.6141479780960264,0.7352602924078148,0.6,1.0,0.0,1.0
dense_bge_m3,q033,0.7234267649959281,0.7118925384880675,0.6,1.0,0.0,1.0
dense_bge_m3,q034,0.3800124042898177,0.42532976290660124,0.4,1.0,0.0,1.0
dense_bge_m3,q035,0.5965459277154549,0.5658872358586751,0.2,1.0,0.0,1.0
dense_bge_m3,q036,0.915209948681596,0.7784200857224591,0.8,1.0,0.0,1.0
dense_bge_m3,q037,0.36845930173716795,0.3857902141333534,0.4,1.0,0.2,1.0
dense_bge_m3,q038,0.8341793528593037,0.8495825591461256,0.8,1.0,0.0,1.0
dense_bge_m3,q039,0.7153561166142355,0.7456024738490592,1.0,1.0,0.0,1.0
dense_bge_m3,q040,0.7833471457646615,0.7284426250662991,1.0,1.0,0.0,1.0
dense_bge_m3,q041,0.9110983816788429,0.8395822789500609,1.0,1.0,0.0,1.0
dense_bge_m3,q042,0.849607409925425,0.7982688592886614,0.6,1.0,0.0,1.0
dense_bge_m3,q043,0.819019759209594,0.6152236595414696,0.6,1.0,0.0,1.0
dense_bge_m3,q044,0.7231933675456026,0.6311870857184402,1.0,1.0,0.0,1.0
dense_bge_m3,q045,0.8421757737602428,0.7551757756338223,0.6,1.0,0.0,1.0
dense_bge_m3,q046,0.4483971140822897,0.5263355621153039,0.4,0.5,0.0,1.0
dense_bge_m3,q047,0.8063381748228982,0.7446925074650772,0.4,1.0,0.0,1.0
dense_bge_m3,q048,0.4145097181672941,0.4605350831888964,0.6,0.5,0.4,1.0
dense_bge_m3,q049,0.7797200684245387,0.7612375181656773,1.0,1.0,0.0,1.0
dense_bge_m3,q050,0.934397461243829,0.8210933633344504,0.8,1.0,0.0,1.0
dense_bge_m3,q051,0.9075755242149837,0.8241365384782073,1.0,1.0,0.0,1.0
dense_bge_m3,q052,0.8234550942619859,0.8757486781158015,1.0,1.0,0.0,1.0
dense_bge_m3,q053,0.8421757737602428,0.8297401535451215,0.6,1.0,0.0,1.0
dense_bge_m3,q054,0.2846438833857645,0.3387921554471612,0.0,0.125,0.0,1.0
dense_bge_m3,q055,0.650392590074575,0.595628150314039,0.4,0.3333333333333333,0.0,1.0
dense_bge_m3,q056,0.7925629232139043,0.759966433239541,0.8,1.0,0.0,1.0
dense_bge_m3,q057,0.3619551251241221,0.4296156661386497,0.2,1.0,0.2,1.0
dense_bge_m3,q058,1.0,0.9742321645223655,1.0,1.0,0.0,1.0
dense_bge_m3,q059,0.06560253875617089,0.17954039934585794,0.0,0.1111111111111111,0.0,1.0
dense_bge_m3,q060,0.6893059716306069,0.6920478143312736,0.8,1.0,0.0,1.0
dense_bge_m3,q061,0.5890442449142237,0.49927221801506294,0.4,1.0,0.0,1.0
dense_bge_m3,q062,1.0,0.9510907186004267,1.0,1.0,0.0,1.0
dense_bge_m3,q063,0.6993653763184517,0.5447678429381115,0.4,1.0,0.0,1.0
dense_bge_m3,q064,0.6588294157352994,0.7086610128620692,0.8,1.0,0.0,1.0
dense_bge_m3,q065,0.6639760998441188,0.6121162335724707,0.4,1.0,0.0,1.0
dense_bge_m3,q066,0.9286712450884907,0.9093618486635721,1.0,1.0,0.0,1.0
dense_bge_m3,q067,0.4483971140822897,0.5445839193086113,0.4,0.5,0.0,1.0
dense_bge_m3,q068,0.5002742468398119,0.5645271397583911,0.4,0.25,0.0,1.0
dense_bge_m3,q069,0.934397461243829,0.9487681814601265,0.8,1.0,0.0,1.0
dense_bge_m3,q070,0.8153807673520377,0.7322112249006977,1.0,1.0,0.0,1.0
dense_bge_m3,q071,0.8304198973631919,0.772931308628242,1.0,1.0,0.0,1.0
dense_bge_m3,q072,0.5742421908816505,0.4684597683739076,0.6,1.0,0.0,1.0
dense_bge_m3,q073,0.8573424901769816,0.8405565379185425,0.8,1.0,0.0,1.0
dense_bge_m3,q074,0.9562649741625525,0.9716189607861262,1.0,1.0,0.0,1.0
dense_bge_m3,q075,0.31270440736047733,0.393700615530937,0.4,0.25,0.0,1.0
dense_bge_m3,q076,1.0,1.0,1.0,1.0,0.0,1.0
dense_bge_m3,q077,0.6233569103176183,0.6119428081693846,0.6,1.0,0.2,1.0
dense_bge_m3,q078,0.7718828174931716,0.7358225609246761,1.0,1.0,0.2,1.0
dense_bge_m3,q079,0.5726986067912171,0.6532794118267544,0.6,1.0,0.4,1.0
dense_bge_m3,q080,0.8849362192510435,0.8338223114661397,1.0,1.0,0.0,1.0
dense_bge_m3,q081,0.8849362192510435,0.8526593413174666,1.0,1.0,0.0,1.0
dense_bge_m3,q082,0.8510488233360477,0.8772081219537042,1.0,1.0,0.0,1.0
dense_bge_m3,q083,0.5516028859177101,0.6104702468853264,0.6,1.0,0.0,1.0
dense_bge_m3,q084,0.30078518014914984,0.24797375927833962,0.2,0.2,0.8,1.0
dense_bge_m3,q085,0.15392473493927183,0.21056074438787792,0.0,0.16666666666666666,0.0,1.0
dense_bge_m3,q086,0.4335950600497166,0.5837287153274643,0.4,0.3333333333333333,0.0,1.0
dense_bge_m3,q087,0.5,0.4940860361756329,0.0,0.1,0.0,1.0
dense_bge_m3,q088,1.0,0.888275761949905,1.0,1.0,,1.0
dense_bge_m3,q089,0.9286712450884907,0.884029396211973,1.0,1.0,0.0,1.0
dense_bge_m3,q090,0.6666666666666666,0.6475709411958362,1.0,1.0,0.0,1.0
dense_bge_m3,q091,0.8869465982421278,0.8792963921747642,1.0,1.0,0.0,1.0
dense_bge_m3,q092,0.5953379117551574,0.6212569971272943,0.8,1.0,0.0,1.0
dense_bge_m3,q093,0.44638673509120536,0.5061321033048621,0.2,1.0,0.0,1.0
dense_bge_m3,q094,0.30285677743802575,0.3722232713989049,0.2,0.25,0.0,1.0
dense_bge_m3,q095,0.6666666666666666,0.6144011540142165,1.0,1.0,0.0,1.0
dense_bge_m3,q096,0.5351041935991797,0.6394726825628563,0.0,0.0,0.0,1.0
dense_bge_m3,q097,1.0,1.0,1.0,1.0,0.0,1.0
dense_bge_m3,q098,0.6843515475204855,0.7559666179920714,0.6,0.5,0.2,1.0
dense_bge_m3,q099,0.5388112108762214,0.5859188912916826,0.6,1.0,0.0,1.0
dense_bge_m3,q100,1.0,0.9510907186004267,1.0,1.0,0.0,1.0
dense_e5_base,q001,0.7590911424516827,0.7497875679826497,1.0,1.0,0.0,1.0
dense_e5_base,q002,0.6069931323672637,0.6439955998480762,0.2,0.5,0.0,1.0
dense_e5_base,q003,0.7773492477204695,0.8305593524776861,0.2,1.0,0.0,1.0
dense_e5_base,q004,0.3333333333333333,0.3405554691237046,0.0,0.0,0.0,1.0
dense_e5_base,q005,0.669580102636808,0.6418562772485159,0.2,1.0,0.0,1.0
dense_e5_base,q006,0.7234267649959281,0.7539968898463182,0.6,0.3333333333333333,0.0,1.0
dense_e5_base,q007,0.5,0.6064533028295918,0.0,0.0,0.0,1.0
dense_e5_base,q008,0.5351041935991797,0.5950733128173282,0.0,0.0,0.0,1.0
dense_e5_base,q009,0.12678149385802573,0.11884842946980041,0.0,0.0,0.0,1.0
dense_e5_base,q010,0.5191875125622332,0.5153040010359511,0.2,0.3333333333333333,0.0,1.0
dense_e5_base,q011,0.8550077055393716,0.8942074149171593,1.0,1.0,0.0,1.0
dense_e5_base,q012,0.5759032237509147,0.4355872517322606,0.4,0.3333333333333333,0.0,1.0
dense_e5_base,q013,0.8550077055393716,0.8058645643714956,1.0,1.0,0.0,1.0
dense_e5_base,q014,0.6069931323672637,0.6041468329051658,0.2,0.5,0.0,1.0
dense_e5_base,q015,0.9286712450884907,0.8984148859631169,1.0,1.0,0.0,1.0
dense_e5_base,q016,0.41952483006942237,0.46320648686748633,0.0,0.0,0.0,1.0
dense_e5_base,q017,0.8638404983775365,0.7723530629992379,0.8,1.0,0.0,1.0
dense_e5_base,q018,0.6655375395855885,0.7100332767519604,0.6,1.0,0.0,1.0
dense_e5_base,q019,1.0,1.0,1.0,1.0,0.0,1.0
dense_e5_base,q020,0.669580102636808,0.61004588314904,0.2,1.0,0.0,1.0
dense_e5_base,q021,0.5351041935991797,0.6394726825628563,0.0,0.0,0.0,1.0
dense_e5_base,q022,0.26984182935319134,0.32717037656850617,0.2,1.0,0.4,1.0
dense_e5_base,q023,0.5889016183211571,0.5595989838841898,0.4,1.0,0.0,1.0
dense_e5_base,q024,0.3344624604144117,0.41015342932487825,0.0,0.125,0.0,1.0
dense_e5_base,q025,0.7379954215781757,0.6623667509318395,1.0,1.0,0.0,1.0
dense_e5_base,q026,0.7741382135430696,0.8413654121230709,0.8,1.0,0.0,1.0
dense_e5_base,q027,0.6424139601679809,0.6671629823033092,0.4,1.0,0.0,1.0
dense_e5_base,q028,0.7200667759835901,0.6840090665087665,0.6,1.0,0.0,1.0
dense_e5_base,q029,0.6666666666666666,0.7141087768991377,1.0,1.0,0.0,1.0
dense_e5_base,q030,0.6617195943057794,0.6450182165265615,0.6,1.0,0.0,1.0
dense_e5_base,q031,0.4174524878648389,0.4105139134139668,0.4,0.3333333333333333,0.0,1.0
dense_e5_base,q032,0.7683166625647125,0.6009497223289445,0.8,1.0,0.0,1.0
dense_e5_base,q033,0.915209948681596,0.8343803519180735,0.8,1.0,0.0,1.0
dense_e5_base,q034,0.512761065892593,0.46966933635635255,0.6,1.0,0.0,1.0
dense_e5_base,q035,0.34960740992542505,0.4205408322118219,0.0,0.0,0.0,1.0
dense_e5_base,q036,0.8082168163143322,0.7351050859631119,0.6,1.0,0.0,1.0
dense_e5_base,q037,0.15023280954582766,0.161919352021052,0.0,0.0,0.4,1.0
dense_e5_base,q038,0.42092671418319316,0.5337541822482748,0.2,0.25,0.0,1.0
dense_e5_base,q039,0.8997382732836167,0.8916453291853327,1.0,1.0,0.0,1.0
dense_e5_base,q040,0.4846952699602393,0.489250684763852,0.4,0.5,0.0,1.0
dense_e5_base,q041,0.7925629232139043,0.888010977299458,0.8,1.0,0.0,1.0
dense_e5_base,q042,0.8421757737602428,0.7898913866022109,0.6,1.0,0.0,1.0
dense_e5_base,q043,0.730118140888437,0.5484433671887128,0.6,1.0,0.0,1.0
dense_e5_base,q044,0.5049238149612256,0.4212881736824145,0.6,1.0,0.2,1.0
dense_e5_base,q045,0.6386367136775242,0.5899657410055859,0.4,0.25,0.0,1.0
dense_e5_base,q046,0.6101399657877306,0.6046522531653875,0.8,0.5,0.0,1.0
dense_e5_base,q047,0.9059532679864118,0.7296019856234751,0.4,1.0,0.0,1.0
dense_e5_base,q048,0.26695900253194565,0.29628554530674545,0.4,0.3333333333333333,0.6,1.0
dense_e5_base,q049,0.6666666666666666,0.5753435264677921,1.0,1.0,0.0,1.0
dense_e5_base,q050,0.735182641392979,0.6606558148132852,0.4,1.0,0.0,1.0
dense_e5_base,q051,0.7025644415727467,0.7593862931647158,0.8,0.5,0.0,1.0
dense_e5_base,q052,0.6018359199557124,0.6255440381627155,0.6,1.0,0.0,1.0
dense_e5_base,q053,0.6725956711234347,0.6438131748570636,0.4,0.5,0.0,1.0
dense_e5_base,q054,0.2442584792702138,0.27702677584782026,0.2,0.2,0.0,1.0
dense_e5_base,q055,0.3421757737602428,0.359972240992561,0.0,0.125,0.0,1.0
dense_e5_base,q056,0.7989170293999002,0.8013954485917104,0.8,1.0,0.0,1.0
dense_e5_base,q057,0.3654579426615206,0.39756780354791565,0.2,0.2,0.0,1.0
dense_e5_base,q058,0.9859056632751826,0.9601998040127188,1.0,1.0,0.0,1.0
dense_e5_base,q059,0.06560253875617089,0.17648730305330734,0.0,0.1111111111111111,0.0,1.0
dense_e5_base,q060,0.6101399657877306,0.6844369822370209,0.8,1.0,0.0,1.0
dense_e5_base,q061,0.5634608948312462,0.5557756008233069,0.4,0.5,0.0,1.0
dense_e5_base,q062,0.5289635809537698,0.5696438442797979,0.6,1.0,0.2,1.0
dense_e5_base,q063,0.7174884416909426,0.6200476778906194,0.4,1.0,0.0,1.0
dense_e5_base,q064,0.7153561166142355,0.7217584680317937,1.0,1.0,0.0,1.0
dense_e5_base,q065,0.7635277529255671,0.7132286500922289,0.8,1.0,0.0,1.0
dense_e5_base,q066,0.8284095183721075,0.8172882803219809,1.0,1.0,0.0,1.0
dense_e5_base,q067,0.5466484618075886,0.5369676132746167,0.6,1.0,0.0,1.0
dense_e5_base,q068,0.4754863377386474,0.4903939712553801,0.2,0.5,0.0,1.0
dense_e5_base,q069,0.819972692711383,0.9055752714781984,0.6,1.0,0.0,1.0
dense_e5_base,q070,0.638044874875878,0.765787845350984,0.8,1.0,0.0,1.0
dense_e5_base,q071,0.6666666666666666,0.6454597372670161,1.0,1.0,0.0,1.0
dense_e5_base,q072,0.4533515381924113,0.4343606767266274,0.4,0.5,0.0,1.0
dense_e5_base,q073,0.8460943992259262,0.8512165146377128,0.8,1.0,0.0,1.0
dense_e5_base,q074,0.7895676983469901,0.7468541150672701,0.8,1.0,0.0,1.0
dense_e5_base,q075,0.5177154900027146,0.5843761757781921,0.4,1.0,0.0,1.0
dense_e5_base,q076,0.8274043288765652,0.8879972192424123,0.6,1.0,0.0,1.0
dense_e5_base,q077,0.5817247747292718,0.6792534421514903,0.4,1.0,0.0,1.0
dense_e5_base,q078,0.7817304474156229,0.7383393764316538,1.0,1.0,0.0,1.0
dense_e5_base,q079,0.5383444159755705,0.5878870449997582,0.4,1.0,0.4,1.0
dense_e5_base,q080,0.9513105500524311,0.7849456591240591,1.0,1.0,0.0,1.0
dense_e5_base,q081,0.7153561166142355,0.7227174288229702,1.0,1.0,0.0,1.0
dense_e5_base,q082,0.9075755242149837,0.8230000311068912,1.0,1.0,0.0,1.0
dense_e5_base,q083,0.3918704132033537,0.40048200697738745,0.4,0.5,0.0,1.0
dense_e5_base,q084,0.07303417492135322,0.09260698318422929,0.0,0.0,0.4,1.0
dense_e5_base,q085,0.273579117830414,0.1925742434311822,0.0,0.0,0.0,1.0
dense_e5_base,q086,0.49012176092865256,0.4665290993211509,0.4,1.0,0.0,1.0
dense_e5_base,q087,0.42696582507864683,0.480236317134863,0.0,0.1111111111111111,0.0,1.0
dense_e5_base,q088,1.0,0.8911553481695266,1.0,1.0,,1.0
dense_e5_base,q089,0.6179772167190978,0.6794212152553927,0.8,1.0,0.0,1.0
dense_e5_base,q090,0.5536132649087946,0.5688481038675198,0.8,0.5,0.0,1.0
dense_e5_base,q091,1.0,0.9755453593002132,1.0,1.0,0.0,1.0
dense_e5_base,q092,0.5875006608237903,0.5921496051367263,0.6,1.0,0.0,1.0
dense_e5_base,q093,0.5177154900027146,0.4369971600709377,0.4,0.5,0.0,1.0
dense_e5_base,q094,0.14265750982301836,0.19660831524089697,0.2,0.5,0.6,1.0
dense_e5_base,q095,0.6922500167496441,0.6618028853191252,0.8,1.0,0.0,1.0
dense_e5_base,q096,0.5351041935991797,0.6394726825628563,0.0,0.0,0.0,1.0
dense_e5_base,q097,1.0,0.955830517697074,1.0,1.0,0.0,1.0
dense_e5_base,q098,0.5087403079104241,0.6149518506608846,0.4,1.0,0.6,1.0
dense_e5_base,q099,0.4950761850387741,0.5587307307364863,0.4,1.0,0.0,1.0
dense_e5_base,q100,0.9286712450884907,0.9292578780090284,1.0,1.0,0.0,1.0
dense_oai_large,q001,0.7104016925041139,0.7171324470320033,1.0,1.0,0.0,1.0
dense_oai_large,q002,1.0,0.9668728882728055,1.0,1.0,0.0,1.0
dense_oai_large,q003,0.7773492477204695,0.8305593524776861,0.2,1.0,0.0,1.0
dense_oai_large,q004,0.656819036744215,0.7488287247433423,0.4,1.0,0.0,1.0
dense_oai_large,q005,0.8930068676327362,0.8228772884247291,0.8,1.0,0.0,1.0
dense_oai_large,q006,1.0,1.0,1.0,1.0,0.0,1.0
dense_oai_large,q007,0.669580102636808,0.739928681426661,0.2,1.0,0.0,1.0
dense_oai_large,q008,0.7245436410976352,0.7863832265665767,0.4,1.0,0.0,1.0
dense_oai_large,q009,0.9431757739242448,0.8759526148833284,0.8,1.0,0.0,1.0
dense_oai_large,q010,0.8687949224876582,0.798568454052172,0.8,1.0,0.0,1.0
dense_oai_large,q011,1.0,1.0,1.0,1.0,0.0,1.0
dense_oai_large,q012,0.7561969996966402,0.7404738415359833,0.6,1.0,0.0,1.0
dense_oai_large,q013,0.6999640461738963,0.6685817224453005,0.6,0.5,0.0,1.0
dense_oai_large,q014,0.669580102636808,0.61004588314904,0.2,1.0,0.0,1.0
dense_oai_large,q015,1.0,0.9537915794915526,1.0,1.0,0.0,1.0
dense_oai_large,q016,0.6789122088255236,0.7989561584675725,0.2,0.3333333333333333,0.0,1.0
dense_oai_large,q017,0.9286712450884907,0.9537125187088151,1.0,1.0,0.0,1.0
dense_oai_large,q018,0.7833471457646615,0.7886468700513233,1.0,1.0,0.0,1.0
dense_oai_large,q019,1.0,0.8942748604427979,1.0,1.0,0.0,1.0
dense_oai_large,q020,0.6578242262397573,0.6390990848089755,0.4,0.3333333333333333,0.0,1.0
dense_oai_large,q021,0.8310951893751204,0.8784638895342737,0.4,1.0,0.0,1.0
dense_oai_large,q022,0.3539622593061893,0.3889934945780599,0.2,1.0,0.0,1.0
dense_oai_large,q023,0.8550077055393716,0.9008636626471189,1.0,1.0,0.0,1.0
dense_oai_large,q024,0.7833471457646615,0.8478333285894866,1.0,1.0,0.0,1.0
dense_oai_large,q025,0.8510488233360477,0.7863180700572114,1.0,1.0,0.0,1.0
dense_oai_large,q026,0.9161872351436834,0.9411338959973069,1.0,1.0,0.0,1.0
dense_oai_large,q027,1.0,1.0,1.0,1.0,0.0,1.0
dense_oai_large,q028,0.946487658153176,0.9634117275431489,1.0,1.0,0.0,1.0
dense_oai_large,q029,0.7379954215781757,0.8153390290984158,1.0,1.0,0.0,1.0
dense_oai_large,q030,0.9033484669184327,0.8721575596678083,0.8,1.0,0.0,1.0
dense_oai_large,q031,0.6639760998441188,0.7050925399434816,0.4,1.0,0.0,1.0
dense_oai_large,q032,0.6025048761393124,0.6311810134242164,0.6,1.0,0.0,1.0
dense_oai_large,q033,1.0,0.9276737537834677,1.0,1.0,0.0,1.0
dense_oai_large,q034,0.6390729375926046,0.725844829937684,0.8,1.0,0.0,1.0
dense_oai_large,q035,0.6039775638806372,0.7449132219724346,0.2,1.0,0.0,1.0
dense_oai_large,q036,0.915209948681596,0.9057779239361422,0.8,1.0,0.0,1.0
dense_oai_large,q037,0.9161872351436834,0.7888292143376674,1.0,1.0,0.0,1.0
dense_oai_large,q038,0.5704379152914217,0.5246388712081935,0.4,1.0,0.0,1.0
dense_oai_large,q039,0.9286712450884907,0.861144351185884,1.0,1.0,0.0,1.0
dense_oai_large,q040,0.8671599106209781,0.8461661914548929,1.0,1.0,0.0,1.0
dense_oai_large,q041,0.7989170293999002,0.7727386204530083,0.8,1.0,0.0,1.0
dense_oai_large,q042,0.9269658250786468,0.8468806782580224,0.8,1.0,0.0,1.0
dense_oai_large,q043,1.0,0.9621231846017922,1.0,1.0,0.0,1.0
dense_oai_large,q044,0.8687949224876581,0.914856882358379,0.8,1.0,0.0,1.0
dense_oai_large,q045,0.9269658250786468,0.8847630951196416,0.8,1.0,0.0,1.0
dense_oai_large,q046,1.0,1.0,1.0,1.0,0.0,1.0
dense_oai_large,q047,1.0,0.9512461693274998,0.4,1.0,0.0,1.0
dense_oai_large,q048,0.5805358577225842,0.650066423006231,0.8,1.0,0.0,1.0
dense_oai_large,q049,0.6666666666666666,0.7344129779175669,1.0,1.0,0.0,1.0
dense_oai_large,q050,0.7426142775581612,0.7288376373518841,0.4,1.0,0.0,1.0
dense_oai_large,q051,0.943473299121064,0.9421111095506693,1.0,1.0,0.0,1.0
dense_oai_large,q052,0.8156178433306187,0.8959939299970945,1.0,1.0,0.0,1.0
dense_oai_large,q053,0.764817358607021,0.7715014624911316,0.6,0.5,0.0,1.0
dense_oai_large,q054,0.8086530402294126,0.8031567777836386,0.8,1.0,0.0,1.0
dense_oai_large,q055,0.915209948681596,0.8417690923079354,0.8,1.0,0.0,1.0
dense_oai_large,q056,0.7925629232139043,0.8268939336479624,0.8,1.0,0.0,1.0
dense_oai_large,q057,0.4689046720287677,0.561430306964148,0.4,0.5,0.0,1.0
dense_oai_large,q058,1.0,0.970285978401609,1.0,1.0,0.0,1.0
dense_oai_large,q059,0.3378515335283742,0.43433552310159196,0.2,0.25,0.0,1.0
dense_oai_large,q060,0.6179772167190978,0.6680390885204033,0.8,1.0,0.0,1.0
dense_oai_large,q061,0.9562649741625525,0.9030723456605999,1.0,1.0,0.0,1.0
dense_oai_large,q062,1.0,1.0,1.0,1.0,0.0,1.0
dense_oai_large,q063,0.8814645415350613,0.8859076872606519,0.6,1.0,0.0,1.0
dense_oai_large,q064,0.8304198973631919,0.7999431011616599,1.0,1.0,0.0,1.0
dense_oai_large,q065,1.0,0.9382977260770042,1.0,1.0,0.0,1.0
dense_oai_large,q066,1.0,0.9738672436737749,1.0,1.0,0.0,1.0
dense_oai_large,q067,0.8362467693034746,0.8017276614425123,1.0,1.0,0.0,1.0
dense_oai_large,q068,0.6995343809083447,0.7889672245867932,0.8,1.0,0.0,1.0
dense_oai_large,q069,1.0,0.9157201552484905,1.0,1.0,0.0,1.0
dense_oai_large,q070,0.8899717613116096,0.9459471690620483,1.0,1.0,0.0,1.0
dense_oai_large,q071,0.8849362192510435,0.8991987231687163,1.0,1.0,0.0,1.0
dense_oai_large,q072,0.8234550942619859,0.7488828142066882,1.0,1.0,0.0,1.0
dense_oai_large,q073,0.797466167576149,0.842436644740969,0.8,1.0,0.0,1.0
dense_oai_large,q074,1.0,0.9768562593544076,1.0,1.0,0.0,1.0
dense_oai_large,q075,0.7797200684245387,0.8206859539031698,1.0,1.0,0.0,1.0
dense_oai_large,q076,1.0,1.0,1.0,1.0,0.0,1.0
dense_oai_large,q077,0.7261360332967424,0.8370840133533385,0.8,1.0,0.0,1.0
dense_oai_large,q078,0.8284095183721075,0.7495419690710805,1.0,1.0,0.2,1.0
dense_oai_large,q079,0.9562649741625525,0.8590888911876011,1.0,1.0,0.0,1.0
dense_oai_large,q080,0.8799817951409219,0.8976617565525115,1.0,1.0,0.0,1.0
dense_oai_large,q081,0.8849362192510435,0.9032467383434785,1.0,1.0,0.0,1.0
dense_oai_large,q082,0.8510488233360477,0.9033408782799294,1.0,1.0,0.0,1.0
dense_oai_large,q083,0.894783849173495,0.8963320379312952,1.0,1.0,0.0,1.0
dense_oai_large,q084,0.2795888034906985,0.3886673708810658,0.2,0.5,0.4,1.0
dense_oai_large,q085,0.7364722470744329,0.7134022812648922,0.6,1.0,0.0,1.0
dense_oai_large,q086,0.802359373388479,0.8528463022453701,0.8,1.0,0.0,1.0
dense_oai_large,q087,0.23518264139297895,0.19723583954928642,0.2,0.3333333333333333,0.6,1.0
dense_oai_large,q088,1.0,0.945044374134196,1.0,1.0,,1.0
dense_oai_large,q089,0.7301581706468085,0.6287782554641278,0.8,0.5,0.0,1.0
dense_oai_large,q090,1.0,0.9738672436737749,1.0,1.0,0.0,1.0
dense_oai_large,q091,1.0,1.0,1.0,1.0,0.0,1.0
dense_oai_large,q092,0.8997382732836167,0.8875973140105705,1.0,1.0,0.0,1.0
dense_oai_large,q093,0.7173664956053198,0.7221782971657338,0.8,0.5,0.0,1.0
dense_oai_large,q094,0.7718828174931716,0.7786492649827981,0.8,1.0,0.0,1.0
dense_oai_large,q095,0.7718828174931716,0.8275129166957947,1.0,1.0,0.0,1.0
dense_oai_large,q096,0.8310951893751204,0.8690140942585427,0.4,1.0,0.0,1.0
dense_oai_large,q097,0.8304198973631919,0.8899541168509598,0.8,1.0,0.2,1.0
dense_oai_large,q098,1.0,1.0,1.0,1.0,0.2,1.0
dense_oai_large,q099,0.8510488233360477,0.8218994711901081,1.0,1.0,0.0,1.0
dense_oai_large,q100,1.0,1.0,1.0,1.0,0.0,1.0
dense_oai_small,q001,0.6666666666666666,0.6424707215863834,1.0,1.0,0.0,1.0
dense_oai_small,q002,1.0,0.9286024279819313,1.0,1.0,0.0,1.0
dense_oai_small,q003,0.7773492477204695,0.8305593524776861,0.2,1.0,0.0,1.0
dense_oai_small,q004,0.6081295867966462,0.5927748484756074,0.4,1.0,0.0,1.0
dense_oai_small,q005,0.7234267649959281,0.717314928796638,0.6,0.3333333333333333,0.0,1.0
dense_oai_small,q006,1.0,1.0,1.0,1.0,0.0,1.0
dense_oai_small,q007,0.5,0.6930518895583345,0.0,0.14285714285714285,0.0,1.0
dense_oai_small,q008,0.7165902417430504,0.8208991108638337,0.2,1.0,0.0,1.0
dense_oai_small,q009,0.07859263830765566,0.17031171758255423,0.0,0.0,0.2,1.0
dense_oai_small,q010,0.7883291114011227,0.6636774154398524,0.6,1.0,0.0,1.0
dense_oai_small,q011,1.0,1.0,1.0,1.0,0.0,1.0
dense_oai_small,q012,0.7237737963298856,0.6260678936783539,0.4,1.0,0.0,1.0
dense_oai_small,q013,0.5724961472303142,0.5808422011244555,0.2,1.0,0.0,1.0
dense_oai_small,q014,0.7765732350040719,0.7112874991852932,0.4,1.0,0.0,1.0
dense_oai_small,q015,0.9513105500524311,0.8932083211527204,1.0,1.0,0.0,1.0
dense_oai_small,q016,0.5804751699305777,0.6807351507646947,0.0,0.0,0.0,1.0
dense_oai_small,q017,0.5834186845438298,0.5920566092171552,0.6,1.0,0.0,1.0
dense_oai_small,q018,0.7833471457646615,0.8478333285894866,1.0,1.0,0.0,1.0
dense_oai_small,q019,0.819972692711383,0.8500474841512529,0.6,1.0,0.0,1.0
dense_oai_small,q020,0.6069931323672637,0.6041468329051658,0.2,0.5,0.0,1.0
dense_oai_small,q021,0.8310951893751204,0.8690140942585427,0.4,1.0,0.0,1.0
dense_oai_small,q022,0.5953379117551574,0.5663891100584316,0.8,1.0,0.0,1.0
dense_oai_small,q023,0.7925629232139043,0.8581679660959772,0.8,1.0,0.0,1.0
dense_oai_small,q024,0.6995343809083447,0.7889672245867932,0.8,1.0,0.0,1.0
dense_oai_small,q025,0.7797200684245387,0.693491206914777,1.0,1.0,0.0,1.0
dense_oai_small,q026,0.7833471457646615,0.8478333285894866,1.0,1.0,0.0,1.0
dense_oai_small,q027,1.0,0.9669545542157062,1.0,1.0,0.0,1.0
dense_oai_small,q028,0.8903969820137047,0.9250605571392363,0.8,1.0,0.0,1.0
dense_oai_small,q029,0.7231933675456026,0.7770575036460189,1.0,1.0,0.0,1.0
dense_oai_small,q030,0.7178168848132237,0.7645184346604142,0.6,0.5,0.0,1.0
dense_oai_small,q031,0.6639760998441188,0.6121162335724707,0.4,1.0,0.0,1.0
dense_oai_small,q032,0.7833471457646615,0.7654782384087967,1.0,1.0,0.0,1.0
dense_oai_small,q033,1.0,1.0,1.0,1.0,0.0,1.0
dense_oai_small,q034,0.6179772167190978,0.739768497463925,0.8,1.0,0.0,1.0
dense_oai_small,q035,0.735182641392979,0.7924691839531337,0.4,1.0,0.0,1.0
dense_oai_small,q036,0.8930068676327362,0.8643145546088337,0.8,1.0,0.0,1.0
dense_oai_small,q037,0.7925560779862534,0.7660107306686548,0.6,1.0,0.0,1.0
dense_oai_small,q038,0.463656603534131,0.5632659007189917,0.2,0.2,0.0,1.0
dense_oai_small,q039,0.7945221224571117,0.7727798496531239,1.0,1.0,0.0,1.0
dense_oai_small,q040,0.9161872351436834,0.8767993741894445,1.0,1.0,0.0,1.0
dense_oai_small,q041,0.7925629232139043,0.828080116712741,0.8,1.0,0.0,1.0
dense_oai_small,q042,0.7543701539552121,0.7389835701812864,0.4,1.0,0.0,1.0
dense_oai_small,q043,0.8878186477210572,0.773487159154858,0.8,1.0,0.0,1.0
dense_oai_small,q044,0.8849362192510435,0.9253314794949414,1.0,1.0,0.0,1.0
dense_oai_small,q045,0.7456298460447879,0.7333117084000894,0.6,0.5,0.0,1.0
dense_oai_small,q046,0.9286712450884907,0.9095430364058891,1.0,1.0,0.0,1.0
dense_oai_small,q047,1.0,0.9423098523909987,0.4,1.0,0.0,1.0
dense_oai_small,q048,0.9075755242149837,0.7974986703050649,1.0,1.0,0.0,1.0
dense_oai_small,q049,0.08747005167489452,0.07884681957921033,0.2,0.2,0.8,1.0
dense_oai_small,q050,0.7234267649959281,0.717314928796638,0.6,1.0,0.0,1.0
dense_oai_small,q051,0.8721445442095548,0.7104353926535575,1.0,1.0,0.0,1.0
dense_oai_small,q052,0.9075755242149837,0.958368470787943,1.0,1.0,0.0,1.0
dense_oai_small,q053,0.680027307288617,0.6535073651712326,0.4,0.5,0.0,1.0
dense_oai_small,q054,0.8073137974986004,0.7589960303374672,0.8,1.0,0.0,1.0
dense_oai_small,q055,0.9269658250786468,0.8876683119885542,0.8,1.0,0.0,1.0
dense_oai_small,q056,0.8550077055393716,0.9008636626471189,1.0,1.0,0.0,1.0
dense_oai_small,q057,0.5259143119934586,0.5454690383960444,0.4,1.0,0.0,1.0
dense_oai_small,q058,1.0,0.9682469558463104,1.0,1.0,0.0,1.0
dense_oai_small,q059,0.7426142775581612,0.7537095486968889,0.4,1.0,0.0,1.0
dense_oai_small,q060,0.5664049399502833,0.6288266213273881,0.6,0.5,0.0,1.0
dense_oai_small,q061,0.5890442449142237,0.5481814994146363,0.4,0.5,0.0,1.0
dense_oai_small,q062,0.8156178433306187,0.8803485966094551,0.8,1.0,0.0,1.0
dense_oai_small,q063,0.8650590704442185,0.7826491871135581,0.6,1.0,0.0,1.0
dense_oai_small,q064,0.8510488233360477,0.8422749528933686,1.0,1.0,0.0,1.0
dense_oai_small,q065,0.8089683943047471,0.7112525709253518,0.4,1.0,0.0,1.0
dense_oai_small,q066,0.8869465982421278,0.8784185804229517,1.0,1.0,0.0,1.0
dense_oai_small,q067,0.543765634986343,0.6107903241957124,0.4,1.0,0.0,1.0
dense_oai_small,q068,0.7261360332967424,0.7795646919497689,0.8,1.0,0.0,1.0
dense_oai_small,q069,0.9269658250786468,0.9819698153659546,0.8,1.0,0.0,1.0
dense_oai_small,q070,0.7135482182926968,0.789224763394457,0.8,1.0,0.0,1.0
dense_oai_small,q071,0.8362467693034746,0.8725284286387739,1.0,1.0,0.0,1.0
dense_oai_small,q072,0.7507870966196645,0.6940633139733031,0.8,1.0,0.0,1.0
dense_oai_small,q073,0.9513105500524311,0.8704767957915955,1.0,1.0,0.0,1.0
dense_oai_small,q074,1.0,1.0,1.0,1.0,0.0,1.0
dense_oai_small,q075,0.5536132649087946,0.6617189562202401,0.8,0.5,0.0,1.0
dense_oai_small,q076,1.0,0.9668728882728055,1.0,1.0,0.0,1.0
dense_oai_small,q077,0.809948798153059,0.8665170653546851,0.8,1.0,0.0,1.0
dense_oai_small,q078,0.7945221224571117,0.8002235060335433,1.0,1.0,0.0,1.0
dense_oai_small,q079,0.3106940283693929,0.5044700924664128,0.4,0.3333333333333333,0.4,1.0
dense_oai_small,q080,0.943473299121064,0.8707498714273888,1.0,1.0,0.0,1.0
dense_oai_small,q081,0.7379954215781757,0.7793895591545574,1.0,1.0,0.0,1.0
dense_oai_small,q082,0.8997382732836167,0.9349369997364463,1.0,1.0,0.0,1.0
dense_oai_small,q083,0.7231933675456026,0.7761172240313672,1.0,1.0,0.0,1.0
dense_oai_small,q084,0.10699313236726378,0.07425302840123006,0.0,0.0,0.6,1.0
dense_oai_small,q085,0.4275038527696858,0.39334533946274736,0.0,0.0,0.0,1.0
dense_oai_small,q086,0.4335950600497166,0.582244078955877,0.4,0.3333333333333333,0.0,1.0
dense_oai_small,q087,0.5191875125622332,0.5178219006685614,0.2,0.3333333333333333,0.0,1.0
dense_oai_small,q088,1.0,0.9461109740353307,1.0,1.0,,1.0
dense_oai_small,q089,0.5020409881399801,0.4466798849699971,0.4,0.5,0.0,1.0
dense_oai_small,q090,1.0,0.8829771917772821,1.0,1.0,0.0,1.0
dense_oai_small,q091,0.8869465982421278,0.8790376965552607,1.0,1.0,0.0,1.0
dense_oai_small,q092,0.6101399657877306,0.6743353756622297,0.8,0.5,0.0,1.0
dense_oai_small,q093,0.4759908431563516,0.5071467475578937,0.2,0.5,0.0,1.0
dense_oai_small,q094,0.8312923451933532,0.9098146508634094,0.8,1.0,0.0,1.0
dense_oai_small,q095,0.7231933675456026,0.7982866947876014,1.0,1.0,0.0,1.0
dense_oai_small,q096,0.7165902417430504,0.8208991108638337,0.2,1.0,0.0,1.0
dense_oai_small,q097,0.7373242853179035,0.7561775125705684,0.8,1.0,0.2,1.0
dense_oai_small,q098,1.0,1.0,1.0,1.0,0.4,1.0
dense_oai_small,q099,0.7104016925041139,0.7043325073474138,1.0,1.0,0.0,1.0
dense_oai_small,q100,0.6716210907767882,0.5961506112377056,0.8,1.0,0.0,1.0
dense_prior,q001,0.7104016925041139,0.7171324470320033,1.0,1.0,0.0,1.0
dense_prior,q002,1.0,0.9668728882728055,1.0,1.0,0.0,1.0
dense_prior,q003,0.7773492477204695,0.8305593524776861,0.2,1.0,0.0,1.0
dense_prior,q004,0.656819036744215,0.7488287247433423,0.4,1.0,0.0,1.0
dense_prior,q005,0.8930068676327362,0.8228772884247291,0.8,1.0,0.0,1.0
dense_prior,q006,1.0,1.0,1.0,1.0,0.0,1.0
dense_prior,q007,0.669580102636808,0.739928681426661,0.2,1.0,0.0,1.0
dense_prior,q008,0.7245436410976352,0.7863832265665767,0.4,1.0,0.0,1.0
dense_prior,q009,0.9431757739242448,0.8759526148833284,0.8,1.0,0.0,1.0
dense_prior,q010,0.8687949224876582,0.798568454052172,0.8,1.0,0.0,1.0
dense_prior,q011,1.0,1.0,1.0,1.0,0.0,1.0
dense_prior,q012,0.7561969996966402,0.7404738415359833,0.6,1.0,0.0,1.0
dense_prior,q013,0.6999640461738963,0.6709540885748577,0.6,0.5,0.0,1.0
dense_prior,q014,0.669580102636808,0.61004588314904,0.2,1.0,0.0,1.0
dense_prior,q015,1.0,0.9537915794915526,1.0,1.0,0.0,1.0
dense_prior,q016,0.6789122088255236,0.7989561584675725,0.2,0.3333333333333333,0.0,1.0
dense_prior,q017,0.9286712450884907,0.9537125187088151,1.0,1.0,0.0,1.0
dense_prior,q018,0.7833471457646615,0.7886468700513233,1.0,1.0,0.0,1.0
dense_prior,q019,1.0,0.8942748604427979,1.0,1.0,0.0,1.0
dense_prior,q020,0.6578242262397573,0.6390990848089755,0.4,0.3333333333333333,0.0,1.0
dense_prior,q021,0.8310951893751204,0.8784638895342737,0.4,1.0,0.0,1.0
dense_prior,q022,0.3539622593061893,0.3889934945780599,0.2,1.0,0.0,1.0
dense_prior,q023,0.8550077055393716,0.9008636626471189,1.0,1.0,0.0,1.0
dense_prior,q024,0.7833471457646615,0.8478333285894866,1.0,1.0,0.0,1.0
dense_prior,q025,0.8510488233360477,0.7863180700572114,1.0,1.0,0.0,1.0
dense_prior,q026,0.9161872351436834,0.9411338959973069,1.0,1.0,0.0,1.0
dense_prior,q027,1.0,1.0,1.0,1.0,0.0,1.0
dense_prior,q028,0.946487658153176,0.9634117275431489,1.0,1.0,0.0,1.0
dense_prior,q029,0.7379954215781757,0.8153390290984158,1.0,1.0,0.0,1.0
dense_prior,q030,0.9033484669184327,0.8721575596678083,0.8,1.0,0.0,1.0
dense_prior,q031,0.6639760998441188,0.7050925399434816,0.4,1.0,0.0,1.0
dense_prior,q032,0.6025048761393124,0.6311810134242164,0.6,1.0,0.0,1.0
dense_prior,q033,1.0,0.9276737537834677,1.0,1.0,0.0,1.0
dense_prior,q034,0.6390729375926046,0.725844829937684,0.8,1.0,0.0,1.0
dense_prior,q035,0.6039775638806372,0.7449132219724346,0.2,1.0,0.0,1.0
dense_prior,q036,0.915209948681596,0.9057779239361422,0.8,1.0,0.0,1.0
dense_prior,q037,0.9161872351436834,0.8847309316828584,1.0,1.0,0.0,1.0
dense_prior,q038,0.5704379152914217,0.5246388712081935,0.4,1.0,0.0,1.0
dense_prior,q039,0.9286712450884907,0.861144351185884,1.0,1.0,0.0,1.0
dense_prior,q040,0.8671599106209781,0.8461661914548929,1.0,1.0,0.0,1.0
dense_prior,q041,0.7989170293999002,0.7727386204530083,0.8,1.0,0.0,1.0
dense_prior,q042,0.9269658250786468,0.8468806782580224,0.8,1.0,0.0,1.0
dense_prior,q043,1.0,0.9621231846017922,1.0,1.0,0.0,1.0
dense_prior,q044,0.8687949224876581,0.914856882358379,0.8,1.0,0.0,1.0
dense_prior,q045,0.9269658250786468,0.8847630951196416,0.8,1.0,0.0,1.0
dense_prior,q046,1.0,1.0,1.0,1.0,0.0,1.0
dense_prior,q047,1.0,0.9512461693274998,0.4,1.0,0.0,1.0
dense_prior,q048,0.5805358577225842,0.6982536185020758,0.8,1.0,0.0,1.0
dense_prior,q049,0.6666666666666666,0.7344129779175669,1.0,1.0,0.0,1.0
dense_prior,q050,0.7426142775581612,0.7288376373518841,0.4,1.0,0.0,1.0
dense_prior,q051,0.943473299121064,0.9421111095506693,1.0,1.0,0.0,1.0
dense_prior,q052,0.8156178433306187,0.8959939299970945,1.0,1.0,0.0,1.0
dense_prior,q053,0.764817358607021,0.7715014624911316,0.6,0.5,0.0,1.0
dense_prior,q054,0.8086530402294126,0.8031567777836386,0.8,1.0,0.0,1.0
dense_prior,q055,0.915209948681596,0.8417690923079354,0.8,1.0,0.0,1.0
dense_prior,q056,0.7925629232139043,0.8268939336479624,0.8,1.0,0.0,1.0
dense_prior,q057,0.4689046720287677,0.561430306964148,0.4,0.5,0.0,1.0
dense_prior,q058,1.0,0.970285978401609,1.0,1.0,0.0,1.0
dense_prior,q059,0.3378515335283742,0.43433552310159196,0.2,0.25,0.0,1.0
dense_prior,q060,0.6179772167190978,0.6680390885204033,0.8,1.0,0.0,1.0
dense_prior,q061,0.9562649741625525,0.9030723456605999,1.0,1.0,0.0,1.0
dense_prior,q062,1.0,1.0,1.0,1.0,0.0,1.0
dense_prior,q063,0.8814645415350613,0.8859076872606519,0.6,1.0,0.0,1.0
dense_prior,q064,0.8304198973631919,0.7999431011616599,1.0,1.0,0.0,1.0
dense_prior,q065,1.0,0.9382977260770042,1.0,1.0,0.0,1.0
dense_prior,q066,1.0,0.9738672436737749,1.0,1.0,0.0,1.0
dense_prior,q067,0.8362467693034746,0.8017276614425123,1.0,1.0,0.0,1.0
dense_prior,q068,0.6995343809083447,0.7889672245867932,0.8,1.0,0.0,1.0
dense_prior,q069,1.0,0.9157201552484905,1.0,1.0,0.0,1.0
dense_prior,q070,0.8899717613116096,0.9459471690620483,1.0,1.0,0.0,1.0
dense_prior,q071,0.8849362192510435,0.8991987231687163,1.0,1.0,0.0,1.0
dense_prior,q072,0.8234550942619859,0.7488828142066882,1.0,1.0,0.0,1.0
dense_prior,q073,0.797466167576149,0.842436644740969,0.8,1.0,0.0,1.0
dense_prior,q074,1.0,0.9768562593544076,1.0,1.0,0.0,1.0
dense_prior,q075,0.7797200684245387,0.8206859539031698,1.0,1.0,0.0,1.0
dense_prior,q076,1.0,1.0,1.0,1.0,0.0,1.0
dense_prior,q077,0.7261360332967424,0.8370840133533385,0.8,1.0,0.0,1.0
dense_prior,q078,0.8362467693034746,0.8431479610124126,1.0,1.0,0.0,1.0
dense_prior,q079,0.9562649741625525,0.9227096793865529,1.0,1.0,0.0,1.0
dense_prior,q080,0.8799817951409219,0.8976617565525115,1.0,1.0,0.0,1.0
dense_prior,q081,0.8849362192510435,0.9032467383434785,1.0,1.0,0.0,1.0
dense_prior,q082,0.8510488233360477,0.9033408782799294,1.0,1.0,0.0,1.0
dense_prior,q083,0.894783849173495,0.8963320379312952,1.0,1.0,0.0,1.0
dense_prior,q084,0.7012236839470684,0.6303481546100399,0.6,1.0,0.0,1.0
dense_prior,q085,0.7364722470744329,0.7134022812648922,0.6,1.0,0.0,1.0
dense_prior,q086,0.802359373388479,0.8528463022453701,0.8,1.0,0.0,1.0
dense_prior,q087,0.44615333764087994,0.5365835596498733,0.2,1.0,0.0,1.0
dense_prior,q088,1.0,0.945044374134196,1.0,1.0,,1.0
dense_prior,q089,0.7301581706468085,0.6287782554641278,0.8,0.5,0.0,1.0
dense_prior,q090,1.0,0.9738672436737749,1.0,1.0,0.0,1.0
dense_prior,q091,1.0,1.0,1.0,1.0,0.0,1.0
dense_prior,q092,0.8997382732836167,0.8875973140105705,1.0,1.0,0.0,1.0
dense_prior,q093,0.7173664956053198,0.7221782971657338,0.8,0.5,0.0,1.0
dense_prior,q094,0.7718828174931716,0.7786492649827981,0.8,1.0,0.0,1.0
dense_prior,q095,0.7718828174931716,0.8275129166957947,1.0,1.0,0.0,1.0
dense_prior,q096,0.8310951893751204,0.8690140942585427,0.4,1.0,0.0,1.0
dense_prior,q097,1.0,1.0,1.0,1.0,0.0,1.0
dense_prior,q098,1.0,1.0,1.0,1.0,0.0,1.0
dense_prior,q099,0.8510488233360477,0.8218994711901081,1.0,1.0,0.0,1.0
dense_prior,q100,1.0,1.0,1.0,1.0,0.0,1.0
hybrid,q001,1.0,0.9755453593002132,1.0,1.0,0.0,1.0
hybrid,q002,1.0,1.0,1.0,1.0,0.0,1.0
hybrid,q003,0.8621382979168936,0.8517762171411489,0.4,1.0,0.0,1.0
hybrid,q004,1.0,0.9949674481005947,1.0,1.0,0.0,1.0
hybrid,q005,0.9269658250786468,0.8767247222762069,0.8,1.0,0.0,1.0
hybrid,q006,1.0,1.0,1.0,1.0,0.0,1.0
hybrid,q007,0.819972692711383,0.9058465847904056,0.6,1.0,0.0,1.0
hybrid,q008,0.7198175284296092,0.8234018759903113,0.4,0.5,0.0,1.0
hybrid,q009,1.0,0.9163969524369397,1.0,1.0,0.0,1.0
hybrid,q010,1.0,1.0,1.0,1.0,0.0,1.0
hybrid,q011,0.9439093238605286,0.9616488295960874,0.8,1.0,0.0,1.0
hybrid,q012,0.9733983476116026,0.9813162632348015,1.0,1.0,0.0,1.0
hybrid,q013,0.917452487864839,0.9435593591982605,1.0,1.0,0.0,1.0
hybrid,q014,1.0,0.9350624941733298,1.0,1.0,0.0,1.0
hybrid,q015,1.0,0.9774367618500638,1.0,1.0,0.0,1.0
hybrid,q016,0.7773492477204695,0.8778236258105951,0.2,1.0,0.0,1.0
hybrid,q017,0.943473299121064,0.9176564688508826,1.0,1.0,0.0,1.0
hybrid,q018,0.9675767966332455,0.9145600977423289,1.0,1.0,0.0,1.0
hybrid,q019,1.0,1.0,1.0,1.0,0.0,1.0
hybrid,q020,1.0,0.9276737537834677,1.0,1.0,0.0,1.0
hybrid,q021,0.9218382134470557,0.939385430360858,0.6,1.0,0.0,1.0
hybrid,q022,0.9513105500524311,0.9642163786893302,1.0,1.0,0.0,1.0
hybrid,q023,1.0,1.0,1.0,1.0,0.0,1.0
hybrid,q024,0.7833471457646615,0.8748032409025885,1.0,1.0,0.0,1.0
hybrid,q025,0.8997382732836167,0.9117932590908538,1.0,1.0,0.0,1.0
hybrid,q026,0.9161872351436834,0.9411338959973069,1.0,1.0,0.0,1.0
hybrid,q027,0.9275038527696858,0.9504318313235595,0.8,1.0,0.0,1.0
hybrid,q028,1.0,1.0,1.0,1.0,0.0,1.0
hybrid,q029,0.9562649741625525,0.9661204474833887,1.0,1.0,0.0,1.0
hybrid,q030,0.9490837254703294,0.9936070796552218,1.0,1.0,0.0,1.0
hybrid,q031,0.8903969820137047,0.9250605571392363,0.8,1.0,0.0,1.0
hybrid,q032,0.8497671904541724,0.8099943785767251,1.0,1.0,0.0,1.0
hybrid,q033,1.0,1.0,1.0,1.0,0.0,1.0
hybrid,q034,0.7817304474156229,0.8021963642148402,1.0,1.0,0.0,1.0
hybrid,q035,0.7543701539552121,0.8508831129398651,0.4,1.0,0.0,1.0
hybrid,q036,1.0,1.0,1.0,1.0,0.0,1.0
hybrid,q037,0.9161872351436834,0.8860777142819819,1.0,1.0,0.0,1.0
hybrid,q038,0.9377168077248125,0.9064585504126647,1.0,1.0,0.0,1.0
hybrid,q039,1.0,0.9755453593002132,1.0,1.0,0.0,1.0
hybrid,q040,0.9733983476116026,0.9480819305628795,1.0,1.0,0.0,1.0
hybrid,q041,0.9275038527696858,0.8606579595333615,0.8,1.0,0.0,1.0
hybrid,q042,1.0,0.9334739949321357,1.0,1.0,0.0,1.0
hybrid,q043,1.0,0.9649985187942531,1.0,1.0,0.0,1.0
hybrid,q044,1.0,1.0,1.0,1.0,0.0,1.0
hybrid,q045,0.934397461243829,0.8924909353525192,0.8,1.0,0.0,1.0
hybrid,q046,1.0,1.0,1.0,1.0,0.0,1.0
hybrid,q047,1.0,0.9512461693274998,0.4,1.0,0.0,1.0
hybrid,q048,0.9562649741625525,0.896757363301145,1.0,1.0,0.0,1.0
hybrid,q049,1.0,0.9524016186546208,1.0,1.0,0.0,1.0
hybrid,q050,1.0,0.9681896059005243,1.0,1.0,0.0,1.0
hybrid,q051,0.9562649741625525,0.9716189607861262,1.0,1.0,0.0,1.0
hybrid,q052,0.8362467693034746,0.8118592949463849,1.0,1.0,0.0,1.0
hybrid,q053,1.0,0.8929581428150791,1.0,1.0,0.0,1.0
hybrid,q054,1.0,0.9755453593002132,1.0,1.0,0.0,1.0
hybrid,q055,1.0,0.9350624941733298,1.0,1.0,0.0,1.0
hybrid,q056,1.0,1.0,1.0,1.0,0.0,1.0
hybrid,q057,0.6971568390345979,0.7294381027175297,1.0,1.0,0.0,1.0
hybrid,q058,0.95181114444963,0.9655151419913041,0.8,1.0,0.0,1.0
hybrid,q059,0.934397461243829,0.9097816379611543,0.8,1.0,0.0,1.0
hybrid,q060,0.7669283933830499,0.8408015069452487,1.0,1.0,0.0,1.0
hybrid,q061,1.0,0.977915258848537,1.0,1.0,0.0,1.0
hybrid,q062,1.0,1.0,1.0,1.0,0.0,1.0
hybrid,q063,1.0,0.9102261282098021,1.0,1.0,0.0,1.0
hybrid,q064,0.7797200684245387,0.816349869155192,1.0,1.0,0.0,1.0
hybrid,q065,1.0,1.0,1.0,1.0,0.0,1.0
hybrid,q066,1.0,0.9755453593002132,1.0,1.0,0.0,1.0
hybrid,q067,1.0,0.9749883220573227,1.0,1.0,0.0,1.0
hybrid,q068,0.8173439870874177,0.8717110947089943,0.8,1.0,0.0,1.0
hybrid,q069,1.0,0.9910719157322779,1.0,1.0,0.0,1.0
hybrid,q070,0.9490837254703294,0.9901095028504737,1.0,1.0,0.0,1.0
hybrid,q071,0.9513105500524311,0.968403878543483,1.0,1.0,0.0,1.0
hybrid,q072,0.7025644415727467,0.784899933358632,0.8,1.0,0.0,1.0
hybrid,q073,1.0,1.0,1.0,1.0,0.0,1.0
hybrid,q074,1.0,1.0,1.0,1.0,0.0,1.0
hybrid,q075,0.9075755242149837,0.9095597643882274,1.0,1.0,0.0,1.0
hybrid,q076,0.915209948681596,0.94497705842548,0.8,1.0,0.0,1.0
hybrid,q077,0.7833471457646615,0.8478333285894866,1.0,1.0,0.0,1.0
hybrid,q078,1.0,1.0,1.0,1.0,0.0,1.0
hybrid,q079,1.0,0.9787930706003494,1.0,1.0,0.0,1.0
hybrid,q080,1.0,0.9567083294488864,1.0,1.0,0.0,1.0
hybrid,q081,1.0,1.0,1.0,1.0,0.0,1.0
hybrid,q082,1.0,0.9738672436737749,1.0,1.0,0.0,1.0
hybrid,q083,0.8156178433306187,0.8438413780200833,1.0,1.0,0.0,1.0
hybrid,q084,0.9269658250786468,0.9462074467031673,0.8,1.0,0.0,1.0
hybrid,q085,0.6475706287532758,0.7211990671211976,0.6,0.5,0.0,1.0
hybrid,q086,0.7718828174931716,0.8323485091314143,1.0,1.0,0.0,1.0
hybrid,q087,1.0,0.9157421959506737,1.0,1.0,0.0,1.0
hybrid,q088,1.0,0.9461109740353307,1.0,1.0,,1.0
hybrid,q089,1.0,0.9755453593002132,1.0,1.0,0.0,1.0
hybrid,q090,1.0,1.0,1.0,1.0,0.0,1.0
hybrid,q091,1.0,1.0,1.0,1.0,0.0,1.0
hybrid,q092,1.0,1.0,1.0,1.0,0.0,1.0
hybrid,q093,0.9562649741625525,0.9267744001078528,1.0,1.0,0.0,1.0
hybrid,q094,1.0,0.9783335926288862,1.0,1.0,0.0,1.0
hybrid,q095,0.8156178433306187,0.8572048559638626,1.0,1.0,0.0,1.0
hybrid,q096,0.9218382134470557,0.939385430360858,0.6,1.0,0.0,1.0
hybrid,q097,1.0,1.0,1.0,1.0,0.0,1.0
hybrid,q098,1.0,1.0,1.0,1.0,0.0,1.0
hybrid,q099,0.8510488233360477,0.8989669905186763,1.0,1.0,0.0,1.0
hybrid,q100,1.0,0.9787930706003494,1.0,1.0,0.0,1.0
main,q001,0.9562649741625525,0.9716189607861262,1.0,1.0,0.0,1.0
main,q002,1.0,1.0,1.0,1.0,0.0,1.0
main,q003,0.8621382979168936,0.895085123987531,0.4,1.0,0.0,1.0
main,q004,0.9286712450884907,0.9527096352829775,1.0,1.0,0.0,1.0
main,q005,0.8613632863224759,0.805897618678406,0.6,1.0,0.0,1.0
main,q006,1.0,1.0,1.0,1.0,0.0,1.0
main,q007,0.735182641392979,0.8781625930623733,0.4,1.0,0.0,1.0
main,q008,0.6053125807975392,0.7864206977784833,0.2,0.2,0.0,1.0
main,q009,0.95181114444963,0.9655151419913041,0.8,1.0,0.0,1.0
main,q010,1.0,0.9628734857993849,1.0,1.0,0.0,1.0
main,q011,0.9439093238605286,0.9616488295960874,0.8,1.0,0.0,1.0
main,q012,1.0,1.0,1.0,1.0,0.0,1.0
main,q013,0.8550077055393716,0.9008636626471189,1.0,1.0,0.0,1.0
main,q014,0.934397461243829,0.7818942288451127,0.8,1.0,0.0,1.0
main,q015,1.0,0.9774367618500638,1.0,1.0,0.0,1.0
main,q016,0.8757862866154155,0.9054714533341819,0.4,1.0,0.0,1.0
main,q017,0.943473299121064,0.9388633982505332,1.0,1.0,0.0,1.0
main,q018,0.8497671904541724,0.8944836122933967,1.0,1.0,0.0,1.0
main,q019,1.0,1.0,1.0,1.0,0.0,1.0
main,q020,0.9269658250786468,0.8480811340699614,0.8,1.0,0.0,1.0
main,q021,0.9218382134470557,0.939385430360858,0.6,1.0,0.0,1.0
main,q022,0.9075755242149837,0.9320739411743275,1.0,1.0,0.0,1.0
main,q023,0.8550077055393716,0.9307066738505997,1.0,1.0,0.0,1.0
main,q024,0.7833471457646615,0.8748032409025885,1.0,1.0,0.0,1.0
main,q025,0.9075755242149837,0.8926831536037335,1.0,1.0,0.0,1.0
main,q026,0.9161872351436834,0.9117008439959603,1.0,1.0,0.0,1.0
main,q027,0.9275038527696858,0.9504318313235595,0.8,1.0,0.0,1.0
main,q028,1.0,0.971343171861298,1.0,1.0,0.0,1.0
main,q029,0.9026211001048622,0.95362269082734,0.8,1.0,0.0,1.0
main,q030,0.8611160259039345,0.9583462581118337,1.0,1.0,0.0,1.0
main,q031,0.8714131766302144,0.8521498003329298,0.8,1.0,0.0,1.0
main,q032,0.8405582582325806,0.7702921294383874,1.0,1.0,0.0,1.0
main,q033,1.0,1.0,1.0,1.0,0.0,1.0
main,q034,0.7817304474156229,0.799072093641849,1.0,1.0,0.0,1.0
main,q035,0.735182641392979,0.7556373139958665,0.4,1.0,0.0,1.0
main,q036,1.0,0.900346883204941,1.0,1.0,0.0,1.0
main,q037,0.9161872351436834,0.8860777142819819,1.0,1.0,0.0,1.0
main,q038,0.9377168077248125,0.9293467996706776,1.0,1.0,0.0,1.0
main,q039,1.0,0.933564588803294,1.0,1.0,0.0,1.0
main,q040,0.9826072798331944,0.9877841797012169,1.0,1.0,0.0,1.0
main,q041,0.9085200473861955,0.8476780633137719,0.8,1.0,0.0,1.0
main,q042,1.0,1.0,1.0,1.0,0.0,1.0
main,q043,1.0,0.9672136293624367,1.0,1.0,0.0,1.0
main,q044,1.0,1.0,1.0,1.0,0.0,1.0
main,q045,0.934397461243829,0.9256180470797137,0.8,1.0,0.0,1.0
main,q046,1.0,1.0,1.0,1.0,0.0,1.0
main,q047,1.0,0.9531840089071755,0.4,1.0,0.0,1.0
main,q048,0.8284095183721075,0.8862369535509268,1.0,1.0,0.0,1.0
main,q049,1.0,0.9543384299005626,1.0,1.0,0.0,1.0
main,q050,1.0,0.9608008655106622,1.0,1.0,0.0,1.0
main,q051,0.9562649741625525,0.9716189607861262,1.0,1.0,0.0,1.0
main,q052,0.7866848715257446,0.7782416505595472,1.0,1.0,0.0,1.0
main,q053,1.0,0.9334739949321357,1.0,1.0,0.0,1.0
main,q054,1.0,0.8812990761508438,1.0,1.0,0.0,1.0
main,q055,1.0,1.0,1.0,1.0,0.0,1.0
main,q056,0.9110983816788429,0.9392148330510315,1.0,1.0,0.0,1.0
main,q057,0.6971568390345979,0.7514801278247386,1.0,1.0,0.0,1.0
main,q058,1.0,0.970285978401609,1.0,1.0,0.0,1.0
main,q059,0.934397461243829,0.9097816379611543,0.8,1.0,0.0,1.0
main,q060,0.7153561166142355,0.7785049497828433,1.0,1.0,0.0,1.0
main,q061,1.0,0.9556493299547569,1.0,1.0,0.0,1.0
main,q062,1.0,1.0,1.0,1.0,0.0,1.0
main,q063,1.0,0.9102261282098021,1.0,1.0,0.0,1.0
main,q064,0.8721445442095548,0.9338422711379984,1.0,1.0,0.0,1.0
main,q065,1.0,1.0,1.0,1.0,0.0,1.0
main,q066,1.0,1.0,1.0,1.0,0.0,1.0
main,q067,0.9075755242149837,0.9320739411743275,1.0,1.0,0.0,1.0
main,q068,0.8255277750326315,0.8774589985413618,0.8,1.0,0.0,1.0
main,q069,1.0,0.9910719157322779,1.0,1.0,0.0,1.0
main,q070,0.9490837254703294,0.9901095028504737,1.0,1.0,0.0,1.0
main,q071,0.9513105500524311,0.968403878543483,1.0,1.0,0.0,1.0
main,q072,0.8799817951409219,0.7598651072325248,1.0,1.0,0.0,1.0
main,q073,1.0,1.0,1.0,1.0,0.0,1.0
main,q074,1.0,0.9510907186004267,1.0,1.0,0.0,1.0
main,q075,0.8997382732836167,0.8761195543654735,1.0,1.0,0.0,1.0
main,q076,0.9269658250786468,0.9526058178152246,0.8,1.0,0.0,1.0
main,q077,0.7833471457646615,0.8789335177254266,1.0,1.0,0.0,1.0
main,q078,1.0,1.0,1.0,1.0,0.0,1.0
main,q079,1.0,1.0,1.0,1.0,0.0,1.0
main,q080,1.0,0.9567083294488864,1.0,1.0,0.0,1.0
main,q081,1.0,0.9556493299547569,1.0,1.0,0.0,1.0
main,q082,1.0,0.9507235030281824,1.0,1.0,0.0,1.0
main,q083,0.8869465982421278,0.8952203586422046,1.0,1.0,0.0,1.0
main,q084,0.934397461243829,0.9884915021312576,0.8,1.0,0.0,1.0
main,q085,0.773579117830414,0.8015714570451425,0.4,1.0,0.0,1.0
main,q086,0.7231933675456026,0.8538567380487079,1.0,1.0,0.0,1.0
main,q087,0.8687949224876582,0.8260942841413015,0.8,1.0,0.0,1.0
main,q088,1.0,1.0,1.0,1.0,,1.0
main,q089,1.0,0.977915258848537,1.0,1.0,0.0,1.0
main,q090,1.0,1.0,1.0,1.0,0.0,1.0
main,q091,1.0,0.9787930706003494,1.0,1.0,0.0,1.0
main,q092,1.0,1.0,1.0,1.0,0.0,1.0
main,q093,0.8869465982421278,0.9241497144992701,1.0,1.0,0.0,1.0
main,q094,1.0,1.0,1.0,1.0,0.0,1.0
main,q095,0.8156178433306187,0.8582638554579921,1.0,1.0,0.0,1.0
main,q096,0.9794653631264242,0.9840753617377369,0.8,1.0,0.0,1.0
main,q097,1.0,1.0,1.0,1.0,0.0,1.0
main,q098,1.0,1.0,1.0,1.0,0.0,1.0
main,q099,0.8510488233360477,0.8449835611594981,1.0,1.0,0.0,1.0
main,q100,1.0,1.0,1.0,1.0,0.0,1.0
qu_fusion,q001,0.8362467693034746,0.8272999468417185,1.0,1.0,0.0,1.0
qu_fusion,q002,1.0,1.0,1.0,1.0,0.0,1.0
qu_fusion,q003,0.7773492477204695,0.8305593524776861,0.2,1.0,0.0,1.0
qu_fusion,q004,0.9562649741625525,0.9243531533504865,1.0,1.0,0.0,1.0
qu_fusion,q005,1.0,0.8929581428150791,1.0,1.0,0.0,1.0
qu_fusion,q006,1.0,1.0,1.0,1.0,0.0,1.0
qu_fusion,q007,0.669580102636808,0.7874735705849014,0.2,1.0,0.0,1.0
qu_fusion,q008,0.8310951893751204,0.8220998701903325,0.4,1.0,0.0,1.0
qu_fusion,q009,0.9463521782501978,0.9347741669756902,0.8,1.0,0.0,1.0
qu_fusion,q010,1.0,0.8419041595223581,1.0,1.0,0.0,1.0
qu_fusion,q011,1.0,1.0,1.0,1.0,0.0,1.0
qu_fusion,q012,0.9161872351436834,0.8574320232174938,1.0,1.0,0.0,1.0
qu_fusion,q013,0.8714131766302144,0.8834238327809448,0.8,1.0,0.0,1.0
qu_fusion,q014,0.669580102636808,0.6814434551671087,0.2,1.0,0.0,1.0
qu_fusion,q015,1.0,0.9307858695716474,1.0,1.0,0.0,1.0
qu_fusion,q016,0.7773492477204695,0.8738682593240683,0.2,1.0,0.0,1.0
qu_fusion,q017,0.9513105500524311,0.968403878543483,1.0,1.0,0.0,1.0
qu_fusion,q018,0.7833471457646615,0.8162661330521578,1.0,1.0,0.0,1.0
qu_fusion,q019,0.934397461243829,0.8895857184836063,0.8,1.0,0.0,1.0
qu_fusion,q020,0.6578242262397573,0.6738146957773642,0.4,0.3333333333333333,0.0,1.0
qu_fusion,q021,0.8310951893751204,0.8727297079077238,0.4,1.0,0.0,1.0
qu_fusion,q022,0.6872955926395226,0.7975850109541175,0.6,1.0,0.0,1.0
qu_fusion,q023,0.8550077055393716,0.9307066738505997,1.0,1.0,0.0,1.0
qu_fusion,q024,0.7833471457646615,0.8478333285894866,1.0,1.0,0.0,1.0
qu_fusion,q025,0.8997382732836167,0.8179141915137284,1.0,1.0,0.0,1.0
qu_fusion,q026,0.9161872351436834,0.9411338959973069,1.0,1.0,0.0,1.0
qu_fusion,q027,1.0,1.0,1.0,1.0,0.0,1.0
qu_fusion,q028,1.0,1.0,1.0,1.0,0.0,1.0
qu_fusion,q029,0.7817304474156229,0.8202858560146896,1.0,1.0,0.0,1.0
qu_fusion,q030,0.9490837254703294,0.9936070796552218,1.0,1.0,0.0,1.0
qu_fusion,q031,0.7200667759835901,0.7103982645631005,0.6,1.0,0.0,1.0
qu_fusion,q032,0.7169271010751505,0.7066281101395091,0.8,1.0,0.0,1.0
qu_fusion,q033,0.934397461243829,0.9256180470797137,0.8,1.0,0.0,1.0
qu_fusion,q034,0.7718828174931716,0.7889978118546824,1.0,1.0,0.0,1.0
qu_fusion,q035,0.8082168163143322,0.7651260028209113,0.6,1.0,0.0,1.0
qu_fusion,q036,0.915209948681596,0.8800395525988096,0.8,1.0,0.0,1.0
qu_fusion,q037,0.8497671904541724,0.8663973428911735,1.0,1.0,0.0,1.0
qu_fusion,q038,0.7913820109425371,0.7941605576167526,0.6,1.0,0.0,1.0
qu_fusion,q039,1.0,0.977915258848537,1.0,1.0,0.0,1.0
qu_fusion,q040,0.8497671904541724,0.8650505602920501,1.0,1.0,0.0,1.0
qu_fusion,q041,0.8550077055393716,0.8964750450015273,1.0,1.0,0.0,1.0
qu_fusion,q042,0.849607409925425,0.8345627769090863,0.6,1.0,0.0,1.0
qu_fusion,q043,1.0,0.9013719019835633,1.0,1.0,0.0,1.0
qu_fusion,q044,1.0,1.0,1.0,1.0,0.0,1.0
qu_fusion,q045,0.8930068676327362,0.8595592494744091,0.8,1.0,0.0,1.0
qu_fusion,q046,1.0,1.0,1.0,1.0,0.0,1.0
qu_fusion,q047,1.0,0.9489083433296783,0.4,1.0,0.0,1.0
qu_fusion,q048,0.8156178433306187,0.779864315874801,1.0,1.0,0.0,1.0
qu_fusion,q049,0.894783849173495,0.8599275910681405,1.0,1.0,0.0,1.0
qu_fusion,q050,0.8613632863224759,0.8450967531677438,0.6,1.0,0.0,1.0
qu_fusion,q051,0.943473299121064,0.941233297798857,1.0,1.0,0.0,1.0
qu_fusion,q052,0.9286712450884907,0.9516179802491646,1.0,1.0,0.0,1.0
qu_fusion,q053,0.764817358607021,0.7759849860120807,0.6,0.5,0.0,1.0
qu_fusion,q054,0.8136074643395343,0.787353642432638,0.8,1.0,0.0,1.0
qu_fusion,q055,1.0,0.8967920338824555,1.0,1.0,0.0,1.0
qu_fusion,q056,0.7925629232139043,0.8228548902273156,0.8,1.0,0.0,1.0
qu_fusion,q057,0.5634538809163061,0.6024973457185893,0.6,1.0,0.0,1.0
qu_fusion,q058,0.9913646294746149,0.9656991747609195,1.0,1.0,0.0,1.0
qu_fusion,q059,0.4121943801949693,0.5825019696506544,0.2,0.3333333333333333,0.0,1.0
qu_fusion,q060,0.7379954215781757,0.7904664308134558,1.0,1.0,0.0,1.0
qu_fusion,q061,0.9562649741625525,0.9259573906866889,1.0,1.0,0.0,1.0
qu_fusion,q062,1.0,1.0,1.0,1.0,0.0,1.0
qu_fusion,q063,0.8089683943047471,0.7723696145768476,0.4,1.0,0.0,1.0
qu_fusion,q064,0.838257148294559,0.8322489499341796,1.0,1.0,0.0,1.0
qu_fusion,q065,0.946487658153176,0.9634117275431489,1.0,1.0,0.0,1.0
qu_fusion,q066,0.9562649741625525,0.9716189607861262,1.0,1.0,0.0,1.0
qu_fusion,q067,0.7945221224571117,0.873004473485444,1.0,1.0,0.0,1.0
qu_fusion,q068,0.7833471457646615,0.8478333285894866,1.0,1.0,0.0,1.0
qu_fusion,q069,1.0,0.9525138759189867,1.0,1.0,0.0,1.0
qu_fusion,q070,0.8899717613116096,0.9201048561927256,1.0,1.0,0.0,1.0
qu_fusion,q071,1.0,1.0,1.0,1.0,0.0,1.0
qu_fusion,q072,0.8284095183721075,0.8413098327193856,1.0,1.0,0.0,1.0
qu_fusion,q073,0.9286712450884907,0.9537125187088151,1.0,1.0,0.0,1.0
qu_fusion,q074,1.0,1.0,1.0,1.0,0.0,1.0
qu_fusion,q075,0.8510488233360477,0.8422749528933686,1.0,1.0,0.0,1.0
qu_fusion,q076,1.0,0.9633180389503199,1.0,1.0,0.0,1.0
qu_fusion,q077,0.8405582582325806,0.8880156958269813,1.0,1.0,0.0,1.0
qu_fusion,q078,0.9286712450884907,0.9093618486635721,1.0,1.0,0.0,1.0
qu_fusion,q079,1.0,0.9755453593002132,1.0,1.0,0.0,1.0
qu_fusion,q080,0.943473299121064,0.9371852826240948,1.0,1.0,0.0,1.0
qu_fusion,q081,1.0,0.9517825025223118,1.0,1.0,0.0,1.0
qu_fusion,q082,0.894783849173495,0.9105149880941522,1.0,1.0,0.0,1.0
qu_fusion,q083,0.894783849173495,0.9190481195543515,1.0,1.0,0.0,1.0
qu_fusion,q084,0.8930068676327362,0.8838255655605639,0.8,1.0,0.0,1.0
qu_fusion,q085,0.7925629232139043,0.7528848982378655,0.8,1.0,0.0,1.0
qu_fusion,q086,0.8284095183721075,0.8522654851786116,1.0,1.0,0.0,1.0
qu_fusion,q087,0.8421757737602428,0.806212486014184,0.6,1.0,0.0,1.0
qu_fusion,q088,1.0,0.9192765386565613,1.0,1.0,,1.0
qu_fusion,q089,1.0,0.977915258848537,1.0,1.0,0.0,1.0
qu_fusion,q090,1.0,0.9755453593002132,1.0,1.0,0.0,1.0
qu_fusion,q091,1.0,0.9738672436737749,1.0,1.0,0.0,1.0
qu_fusion,q092,0.9562649741625525,0.9716189607861262,1.0,1.0,0.0,1.0
qu_fusion,q093,0.725203746536687,0.8158336196734466,0.8,1.0,0.0,1.0
qu_fusion,q094,0.943473299121064,0.9108398284612246,1.0,1.0,0.0,1.0
qu_fusion,q095,0.8156178433306187,0.8558939559096683,1.0,1.0,0.0,1.0
qu_fusion,q096,0.8310951893751204,0.9159283183267529,0.4,1.0,0.0,1.0
qu_fusion,q097,1.0,1.0,1.0,1.0,0.0,1.0
qu_fusion,q098,1.0,1.0,1.0,1.0,0.0,1.0
qu_fusion,q099,0.8510488233360477,0.8218994711901081,1.0,1.0,0.0,1.0
qu_fusion,q100,1.0,1.0,1.0,1.0,0.0,1.0
qu_fusion_ce,q001,0.6666666666666666,0.6898104073122591,1.0,1.0,0.0,1.0
qu_fusion_ce,q002,0.8930068676327362,0.8620764229140668,0.8,1.0,0.0,1.0
qu_fusion_ce,q003,0.7773492477204695,0.8305593524776861,0.2,1.0,0.0,1.0
qu_fusion_ce,q004,0.49708656402985857,0.5233691664349229,0.6,0.5,0.0,1.0
qu_fusion_ce,q005,1.0,0.8909917927337877,1.0,1.0,0.0,1.0
qu_fusion_ce,q006,1.0,1.0,1.0,1.0,0.0,1.0
qu_fusion_ce,q007,0.5,0.6509450956952815,0.0,0.14285714285714285,0.0,1.0
qu_fusion_ce,q008,0.6132659801521241,0.6556878824564703,0.2,0.25,0.0,1.0
qu_fusion_ce,q009,0.759502601424635,0.74194735904025,0.6,1.0,0.0,1.0
qu_fusion_ce,q010,0.8687949224876582,0.8260942841413015,0.8,1.0,0.0,1.0
qu_fusion_ce,q011,0.9375552176745326,0.9242588576645646,0.8,1.0,0.0,1.0
qu_fusion_ce,q012,0.634928079506067,0.5397108907551302,0.4,1.0,0.0,1.0
qu_fusion_ce,q013,0.8550077055393716,0.7740053016519804,1.0,1.0,0.0,1.0
qu_fusion_ce,q014,0.669580102636808,0.61004588314904,0.2,1.0,0.0,1.0
qu_fusion_ce,q015,1.0,0.9774367618500638,1.0,1.0,0.0,1.0
qu_fusion_ce,q016,0.4820381310356317,0.6509246287002202,0.0,0.1111111111111111,0.0,1.0
qu_fusion_ce,q017,0.8869465982421278,0.8777267965010666,1.0,1.0,0.0,1.0
qu_fusion_ce,q018,0.8497671904541724,0.8633834231574565,1.0,1.0,0.0,1.0
qu_fusion_ce,q019,1.0,1.0,1.0,1.0,0.0,1.0
qu_fusion_ce,q020,0.7543701539552121,0.7042679592128978,0.4,1.0,0.0,1.0
qu_fusion_ce,q021,0.6834743673504836,0.7545339500420505,0.4,0.25,0.0,1.0
qu_fusion_ce,q022,0.6518646126340935,0.7123531442380096,0.6,1.0,0.0,1.0
qu_fusion_ce,q023,0.8550077055393716,0.9008636626471189,1.0,1.0,0.0,1.0
qu_fusion_ce,q024,0.7833471457646615,0.8478333285894866,1.0,1.0,0.0,1.0
qu_fusion_ce,q025,0.7590911424516827,0.7266438273370572,1.0,1.0,0.0,1.0
qu_fusion_ce,q026,0.7833471457646615,0.8478333285894866,1.0,1.0,0.0,1.0
qu_fusion_ce,q027,1.0,0.971343171861298,1.0,1.0,0.0,1.0
qu_fusion_ce,q028,0.9110983816788429,0.9105580049123295,1.0,1.0,0.0,1.0
qu_fusion_ce,q029,0.44055986315092255,0.5569393148624447,0.8,0.5,0.0,1.0
qu_fusion_ce,q030,0.8899717613116096,0.8701718506546061,1.0,1.0,0.0,1.0
qu_fusion_ce,q031,0.8486535993533757,0.7682297542602172,0.8,1.0,0.0,1.0
qu_fusion_ce,q032,0.9185494721105402,0.8552898655600819,1.0,1.0,0.0,1.0
qu_fusion_ce,q033,0.8930068676327362,0.8913696435738849,0.8,1.0,0.0,1.0
qu_fusion_ce,q034,0.4542239860225726,0.5762714881138437,0.4,1.0,0.0,1.0
qu_fusion_ce,q035,0.415209948681596,0.483141466444602,0.2,0.3333333333333333,0.0,1.0
qu_fusion_ce,q036,1.0,0.9633180389503199,1.0,1.0,0.0,1.0
qu_fusion_ce,q037,0.8497671904541724,0.8944836122933967,0.8,1.0,0.0,1.0
qu_fusion_ce,q038,0.6646005170845114,0.7329271850252475,0.4,1.0,0.0,1.0
qu_fusion_ce,q039,0.7669283933830499,0.8256087345073457,1.0,1.0,0.0,1.0
qu_fusion_ce,q040,0.7319575842750994,0.7811903330807279,0.8,1.0,0.0,1.0
qu_fusion_ce,q041,0.946487658153176,0.9347548994044469,1.0,1.0,0.0,1.0
qu_fusion_ce,q042,0.8613632863224759,0.8084147921180637,0.6,1.0,0.0,1.0
qu_fusion_ce,q043,1.0,0.7839570873675229,1.0,1.0,0.0,1.0
qu_fusion_ce,q044,0.6242708835600315,0.7072682311709949,0.6,1.0,0.0,1.0
qu_fusion_ce,q045,0.669580102636808,0.7524529837559224,0.2,1.0,0.0,1.0
qu_fusion_ce,q046,1.0,1.0,1.0,1.0,0.0,1.0
qu_fusion_ce,q047,0.9059532679864118,0.9302490373405745,0.4,1.0,0.0,1.0
qu_fusion_ce,q048,0.6370625586015202,0.6881826228057908,0.8,1.0,0.0,1.0
qu_fusion_ce,q049,0.8234550942619859,0.8361579392308007,1.0,1.0,0.0,1.0
qu_fusion_ce,q050,0.830419897363192,0.8221113941553767,0.8,0.5,0.0,1.0
qu_fusion_ce,q051,0.943473299121064,0.9180895571532646,1.0,1.0,0.0,1.0
qu_fusion_ce,q052,0.8362467693034746,0.8647358043995353,1.0,1.0,0.0,1.0
qu_fusion_ce,q053,0.669580102636808,0.7096989999440991,0.2,1.0,0.0,1.0
qu_fusion_ce,q054,0.8869465982421278,0.8561526515291717,1.0,1.0,0.0,1.0
qu_fusion_ce,q055,0.819972692711383,0.8484589849100588,0.6,1.0,0.0,1.0
qu_fusion_ce,q056,0.8550077055393716,0.83654418441481,1.0,1.0,0.0,1.0
qu_fusion_ce,q057,0.5871286003462075,0.5903484529740043,0.6,1.0,0.0,1.0
qu_fusion_ce,q058,0.95181114444963,0.8490924503734192,0.8,1.0,0.0,1.0
qu_fusion_ce,q059,0.3718104909742848,0.5519746811400774,0.2,0.5,0.0,1.0
qu_fusion_ce,q060,0.7817304474156229,0.7475658033180222,1.0,1.0,0.0,1.0
qu_fusion_ce,q061,0.4611887891237784,0.5078119437029998,0.4,0.5,0.0,1.0
qu_fusion_ce,q062,0.9286712450884907,0.9537125187088151,1.0,1.0,0.0,1.0
qu_fusion_ce,q063,0.9375552176745326,0.8344849858743667,0.8,1.0,0.0,1.0
qu_fusion_ce,q064,0.5890442449142237,0.7338542455439728,0.4,1.0,0.0,1.0
qu_fusion_ce,q065,0.9110983816788429,0.9392148330510315,1.0,1.0,0.0,1.0
qu_fusion_ce,q066,0.7104016925041139,0.8120705141032581,1.0,1.0,0.0,1.0
qu_fusion_ce,q067,0.5309739599448543,0.6256997729401917,0.6,0.3333333333333333,0.0,1.0
qu_fusion_ce,q068,0.6025048761393124,0.660614065425563,0.6,0.5,0.0,1.0
qu_fusion_ce,q069,1.0,0.9564621867187436,1.0,1.0,0.0,1.0
qu_fusion_ce,q070,0.8153807673520377,0.8945573030871923,1.0,1.0,0.0,1.0
qu_fusion_ce,q071,0.838257148294559,0.8718962157985304,1.0,1.0,0.0,1.0
qu_fusion_ce,q072,0.5177154900027146,0.5716856605730344,0.4,0.5,0.0,1.0
qu_fusion_ce,q073,0.9286712450884907,0.92757976238259,1.0,1.0,0.0,1.0
qu_fusion_ce,q074,1.0,1.0,1.0,1.0,0.0,1.0
qu_fusion_ce,q075,0.6666666666666666,0.7377651381368456,1.0,1.0,0.0,1.0
qu_fusion_ce,q076,1.0,0.9681896059005243,1.0,1.0,0.0,1.0
qu_fusion_ce,q077,0.8497671904541724,0.8944836122933967,1.0,1.0,0.0,1.0
qu_fusion_ce,q078,0.8799817951409219,0.895983640926073,1.0,1.0,0.0,1.0
qu_fusion_ce,q079,0.9286712450884907,0.9292578780090284,1.0,1.0,0.0,1.0
qu_fusion_ce,q080,0.943473299121064,0.8936349164534778,1.0,1.0,0.0,1.0
qu_fusion_ce,q081,0.8510488233360477,0.8527534812539175,1.0,1.0,0.0,1.0
qu_fusion_ce,q082,1.0,0.9755453593002132,1.0,1.0,0.0,1.0
qu_fusion_ce,q083,0.7817304474156229,0.7940909456752409,1.0,1.0,0.0,1.0
qu_fusion_ce,q084,0.4226415848467783,0.5229584325388825,0.4,0.3333333333333333,0.0,1.0
qu_fusion_ce,q085,0.5460393112346246,0.5793552135114884,0.4,0.25,0.0,1.0
qu_fusion_ce,q086,0.6179772167190978,0.7454487975288119,0.8,1.0,0.0,1.0
qu_fusion_ce,q087,0.3930068676327362,0.49970001152274834,0.0,0.14285714285714285,0.0,1.0
qu_fusion_ce,q088,1.0,0.9461109740353307,1.0,1.0,,1.0
qu_fusion_ce,q089,0.9286712450884907,0.9044360217369976,1.0,1.0,0.0,1.0
qu_fusion_ce,q090,0.8849362192510435,0.9253314794949414,1.0,1.0,0.0,1.0
qu_fusion_ce,q091,1.0,0.9755453593002132,1.0,1.0,0.0,1.0
qu_fusion_ce,q092,1.0,0.9282056735743375,1.0,1.0,0.0,1.0
qu_fusion_ce,q093,0.632779270751671,0.7282331819509148,0.6,1.0,0.0,1.0
qu_fusion_ce,q094,0.9286712450884907,0.9260106760124583,1.0,1.0,0.0,1.0
qu_fusion_ce,q095,0.7718828174931716,0.7855321461988753,1.0,1.0,0.0,1.0
qu_fusion_ce,q096,0.6258472176711151,0.7522117846686686,0.2,0.3333333333333333,0.0,1.0
qu_fusion_ce,q097,1.0,1.0,1.0,1.0,0.0,1.0
qu_fusion_ce,q098,1.0,1.0,1.0,1.0,0.0,1.0
qu_fusion_ce,q099,0.7797200684245387,0.7977084613146904,1.0,1.0,0.0,1.0
qu_fusion_ce,q100,1.0,0.9787930706003494,1.0,1.0,0.0,1.0
dense_pointwise,q001,1.0,0.933564588803294,1.0,1.0,0.0,1.0
dense_pointwise,q002,1.0,1.0,1.0,1.0,0.0,1.0
dense_pointwise,q003,0.7773492477204695,0.8305593524776861,0.2,1.0,0.0,1.0
dense_pointwise,q004,0.9562649741625525,0.9710040456289029,1.0,1.0,0.0,1.0
dense_pointwise,q005,0.9269658250786468,0.8137535665308279,0.8,1.0,0.0,1.0
dense_pointwise,q006,1.0,1.0,1.0,1.0,0.0,1.0
dense_pointwise,q007,0.7426142775581612,0.7974133980683898,0.4,1.0,0.0,1.0
dense_pointwise,q008,0.8073332658149857,0.8949860606153299,0.4,1.0,0.0,1.0
dense_pointwise,q009,1.0,0.9096594763138514,1.0,1.0,0.0,1.0
dense_pointwise,q010,1.0,0.923644063939074,1.0,1.0,0.0,1.0
dense_pointwise,q011,1.0,1.0,1.0,1.0,0.0,1.0
dense_pointwise,q012,0.9733983476116026,0.9532299938325783,1.0,1.0,0.0,1.0
dense_pointwise,q013,0.946487658153176,0.9634117275431489,1.0,1.0,0.0,1.0
dense_pointwise,q014,0.8613632863224759,0.8450967531677438,0.6,1.0,0.0,1.0
dense_pointwise,q015,1.0,1.0,1.0,1.0,0.0,1.0
dense_pointwise,q016,0.704688883315162,0.8225279707634218,0.2,0.5,0.0,1.0
dense_pointwise,q017,0.9286712450884907,0.9537125187088151,1.0,1.0,0.0,1.0
dense_pointwise,q018,0.8405582582325806,0.9191158849629213,1.0,1.0,0.0,1.0
dense_pointwise,q019,1.0,1.0,1.0,1.0,0.0,1.0
dense_pointwise,q020,1.0,0.895863359683992,1.0,1.0,0.0,1.0
dense_pointwise,q021,0.8310951893751204,0.9159283183267529,0.4,1.0,0.0,1.0
dense_pointwise,q022,0.6229316408292194,0.6439605804669215,0.8,1.0,0.0,1.0
dense_pointwise,q023,0.946487658153176,0.9634117275431489,1.0,1.0,0.0,1.0
dense_pointwise,q024,0.7833471457646615,0.8478333285894866,1.0,1.0,0.0,1.0
dense_pointwise,q025,0.9562649741625525,0.9234014633084381,1.0,1.0,0.0,1.0
dense_pointwise,q026,0.9161872351436834,0.9411338959973069,1.0,1.0,0.0,1.0
dense_pointwise,q027,1.0,1.0,1.0,1.0,0.0,1.0
dense_pointwise,q028,1.0,1.0,1.0,1.0,0.0,1.0
dense_pointwise,q029,0.8997382732836167,0.9778137148016067,1.0,1.0,0.0,1.0
dense_pointwise,q030,0.8796737474885314,0.8855456336220827,0.8,1.0,0.0,1.0
dense_pointwise,q031,0.946487658153176,0.9347548994044469,1.0,1.0,0.0,1.0
dense_pointwise,q032,0.8007398659314671,0.8625122885765143,0.8,1.0,0.0,1.0
dense_pointwise,q033,1.0,0.9652843890316114,1.0,1.0,0.0,1.0
dense_pointwise,q034,0.8721445442095548,0.885690454530075,1.0,1.0,0.0,1.0
dense_pointwise,q035,0.8421757737602428,0.8728605720432195,0.6,1.0,0.0,1.0
dense_pointwise,q036,1.0,0.9652843890316114,1.0,1.0,0.0,1.0
dense_pointwise,q037,0.7659544255978556,0.8356175082907035,0.6,1.0,0.0,1.0
dense_pointwise,q038,1.0,0.8895625170581705,1.0,1.0,0.0,1.0
dense_pointwise,q039,0.9286712450884907,0.9305687780632227,1.0,1.0,0.0,1.0
dense_pointwise,q040,0.8497671904541724,0.8944836122933967,1.0,1.0,0.0,1.0
dense_pointwise,q041,0.9085200473861955,0.904406489319676,0.8,1.0,0.0,1.0
dense_pointwise,q042,0.934397461243829,0.8909024361113251,0.8,1.0,0.0,1.0
dense_pointwise,q043,1.0,1.0,1.0,1.0,0.0,1.0
dense_pointwise,q044,1.0,1.0,1.0,1.0,0.0,1.0
dense_pointwise,q045,0.934397461243829,0.8558089743028391,0.8,1.0,0.0,1.0
dense_pointwise,q046,1.0,1.0,1.0,1.0,0.0,1.0
dense_pointwise,q047,1.0,1.0,0.4,1.0,0.0,1.0
dense_pointwise,q048,0.9562649741625525,0.8980966658499362,1.0,1.0,0.0,1.0
dense_pointwise,q049,0.8799817951409219,0.8483852595806939,1.0,1.0,0.0,1.0
dense_pointwise,q050,0.915209948681596,0.94497705842548,0.8,1.0,0.0,1.0
dense_pointwise,q051,1.0,1.0,1.0,1.0,0.0,1.0
dense_pointwise,q052,0.8156178433306187,0.8686786495486857,1.0,1.0,0.0,1.0
dense_pointwise,q053,0.915209948681596,0.8784510533576155,0.8,1.0,0.0,1.0
dense_pointwise,q054,1.0,0.977915258848537,1.0,1.0,0.0,1.0
dense_pointwise,q055,1.0,0.9315076448508441,1.0,1.0,0.0,1.0
dense_pointwise,q056,0.8550077055393716,0.9008636626471189,1.0,1.0,0.0,1.0
dense_pointwise,q057,0.8153807673520377,0.8659418680347016,1.0,1.0,0.0,1.0
dense_pointwise,q058,1.0,0.9718788095129652,1.0,1.0,0.0,1.0
dense_pointwise,q059,0.830419897363192,0.8244178275398777,0.8,1.0,0.0,1.0
dense_pointwise,q060,0.7153561166142355,0.7298596308087117,1.0,1.0,0.0,1.0
dense_pointwise,q061,0.9513105500524311,0.9452601378978907,1.0,1.0,0.0,1.0
dense_pointwise,q062,1.0,1.0,1.0,1.0,0.0,1.0
dense_pointwise,q063,1.0,0.9356805217676911,1.0,1.0,0.0,1.0
dense_pointwise,q064,0.8284095183721075,0.8265381093895888,1.0,1.0,0.0,1.0
dense_pointwise,q065,1.0,1.0,1.0,1.0,0.0,1.0
dense_pointwise,q066,0.943473299121064,0.96331803895032,1.0,1.0,0.0,1.0
dense_pointwise,q067,0.9075755242149837,0.9043782759549761,1.0,1.0,0.0,1.0
dense_pointwise,q068,0.7169271010751505,0.8028501820201698,0.8,1.0,0.0,1.0
dense_pointwise,q069,0.8930068676327362,0.9228839203734177,0.8,1.0,0.0,1.0
dense_pointwise,q070,0.9866232943931771,0.9902867315621453,1.0,1.0,0.0,1.0
dense_pointwise,q071,1.0,0.977915258848537,1.0,1.0,0.0,1.0
dense_pointwise,q072,0.7945221224571117,0.7931864751781484,1.0,1.0,0.0,1.0
dense_pointwise,q073,0.9075755242149837,0.9400228393296093,1.0,1.0,0.0,1.0
dense_pointwise,q074,1.0,1.0,1.0,1.0,0.0,1.0
dense_pointwise,q075,0.8849362192510435,0.9404724689638612,1.0,1.0,0.0,1.0
dense_pointwise,q076,1.0,1.0,1.0,1.0,0.0,1.0
dense_pointwise,q077,0.8347367072542236,0.9150271041437175,1.0,1.0,0.0,1.0
dense_pointwise,q078,0.9513105500524311,0.8775138266469903,1.0,1.0,0.0,1.0
dense_pointwise,q079,1.0,1.0,1.0,1.0,0.0,1.0
dense_pointwise,q080,0.8869465982421278,0.9266360779006398,1.0,1.0,0.0,1.0
dense_pointwise,q081,0.9562649741625525,0.9495342196346632,1.0,1.0,0.0,1.0
dense_pointwise,q082,1.0,1.0,1.0,1.0,0.0,1.0
dense_pointwise,q083,0.7945221224571117,0.8766843018346429,1.0,1.0,0.0,1.0
dense_pointwise,q084,0.8421757737602428,0.8447471602425229,0.6,1.0,0.0,1.0
dense_pointwise,q085,0.9085200473861955,0.8681683982523499,0.8,1.0,0.0,1.0
dense_pointwise,q086,0.8997382732836167,0.9559102496645824,1.0,1.0,0.0,1.0
dense_pointwise,q087,0.710970696247901,0.6811368761272821,0.4,1.0,0.0,1.0
dense_pointwise,q088,1.0,1.0,1.0,1.0,,1.0
dense_pointwise,q089,0.7173664956053198,0.8165901947515998,0.8,0.5,0.0,1.0
dense_pointwise,q090,1.0,1.0,1.0,1.0,0.0,1.0
dense_pointwise,q091,1.0,1.0,1.0,1.0,0.0,1.0
dense_pointwise,q092,1.0,0.9755453593002132,1.0,1.0,0.0,1.0
dense_pointwise,q093,0.8312923451933532,0.9098146508634094,0.8,1.0,0.0,1.0
dense_pointwise,q094,0.8997382732836167,0.9302092407317606,1.0,1.0,0.0,1.0
dense_pointwise,q095,0.838257148294559,0.8705853157443362,1.0,1.0,0.0,1.0
dense_pointwise,q096,0.9218382134470557,0.939385430360858,0.6,1.0,0.0,1.0
dense_pointwise,q097,1.0,1.0,1.0,1.0,0.0,1.0
dense_pointwise,q098,1.0,1.0,1.0,1.0,0.0,1.0
dense_pointwise,q099,0.8997382732836167,0.9078018470269222,1.0,1.0,0.0,1.0
dense_pointwise,q100,1.0,1.0,1.0,1.0,0.0,1.0
